complex_name,smiles,fragment_screen,pb_valid,artefact
A71EV2A-x0152a,O=C1CN(C(=O)COc2ccccc2)CCN1,True,True,True
A71EV2A-x0152b,O=C1CN(C(=O)COc2ccccc2)CCN1,True,False,False
A71EV2A-x0188a,CC[C@@H]1CN(S(=O)(=O)N(C)C)CCO1,True,True,False
A71EV2A-x0194a,Fc1ccccc1CNC1CCOCC1,True,True,False
A71EV2A-x0202a,NS(=O)(=O)c1cnc2cccnn12,True,True,False
A71EV2A-x0202b,NS(=O)(=O)c1cnc2cccnn12,True,True,True
A71EV2A-x0207a,Cc1cc(C(=O)NC[C@H]2CCOC2)on1,True,True,False
A71EV2A-x0228a,CS(=O)(=O)N1CCC(O)CC1,True,True,False
A71EV2A-x0229a,CS(=O)(=O)Nc1ccc(CN)cc1,True,True,True
A71EV2A-x0229b,CS(=O)(=O)Nc1ccc(CN)cc1,True,True,False
A71EV2A-x0237a,Cc1ccc(CNC(=O)C2CCC2)cn1,True,True,False
A71EV2A-x0239a,CCC(=O)NCc1nnc2n1CCCC2,True,True,False
A71EV2A-x0269a,O=C(N[C@H]1CCCNC1)c1ccccc1,True,True,True
A71EV2A-x0278b,N[C@H]1CCN(S(=O)(=O)c2ccccc2)C1,True,True,False
A71EV2A-x0278a,N[C@H]1CCN(S(=O)(=O)c2ccccc2)C1,True,True,True
A71EV2A-x0305a,CNS(=O)(=O)c1cccc(C)c1F,True,True,False
A71EV2A-x0309a,Cn1ccnc1-c1noc(C2CCC2)n1,True,True,False
A71EV2A-x0310a,Cc1nn(C)c(C)c1NC(=O)CC#N,True,True,False
A71EV2A-x0332a,CNS(=O)(=O)c1ccccc1Cl,True,True,False
A71EV2A-x0333a,CS(=O)(=O)NCCc1ccccc1,True,True,True
A71EV2A-x0351c,CCS(=O)(=O)NCc1ccc2c(c1)OCO2,True,True,True
A71EV2A-x0351a,CCS(=O)(=O)NCc1ccc2c(c1)OCO2,True,True,False
A71EV2A-x0351b,CCS(=O)(=O)NCc1ccc2c(c1)OCO2,True,True,False
A71EV2A-x0354a,C[C@]1(NC(=O)C2CC2)CCS(=O)(=O)C1,True,True,False
A71EV2A-x0359a,CN(C)Cc1ccc(C#N)cc1,True,True,False
A71EV2A-x0365a,Cn1ccc(NCc2ccccc2)n1,True,True,False
A71EV2A-x0375c,COc1ccccc1NC(N)=S,True,True,True
A71EV2A-x0375a,COc1ccccc1NC(N)=S,True,True,False
A71EV2A-x0375b,COc1ccccc1NC(N)=S,True,True,False
A71EV2A-x0395a,CC(CO)(CO)NC(=O)Nc1ccccc1,True,True,True
A71EV2A-x0395b,CC(CO)(CO)NC(=O)Nc1ccccc1,True,True,True
A71EV2A-x0396a,COCc1nnc(N)s1,True,True,True
A71EV2A-x0412a,CCn1c(NC(C)=O)nc2ccccc21,True,True,True
A71EV2A-x0416a,Cc1ccc(NC(=O)[C@@H]2CCCO2)nc1,True,True,False
A71EV2A-x0428a,CN(C)S(=O)(=O)c1cccnc1,True,True,False
A71EV2A-x0432a,Nc1ccc(-c2ncno2)cc1,True,True,True
A71EV2A-x0437a,CCNc1ccc(C)nn1,True,True,False
A71EV2A-x0443a,Cc1cn2ccccc2n1,True,True,False
A71EV2A-x0446a,CNC(=O)c1cnc(C)s1,True,True,False
A71EV2A-x0450a,CN(C)C(=O)c1ccc(F)cc1Br,True,True,False
A71EV2A-x0451a,CNC(=O)c1cn(C)c2ccccc12,True,True,False
A71EV2A-x0469a,CC(C)N1CCN(c2ncccn2)CC1,True,True,False
A71EV2A-x0473a,O=S(=O)(NC1CCCC1)C1CCOCC1,True,True,False
A71EV2A-x0486a,CN(C)C(=O)Cn1ncc2ccccc21,True,True,False
A71EV2A-x0487a,CC(=O)Nc1ccncc1C,True,True,False
A71EV2A-x0488a,O=c1ccncn1CCO,True,True,True
A71EV2A-x0497a,N#Cc1n[nH]c2ccccc12,True,True,True
A71EV2A-x0501a,COc1ccccc1-c1nnco1,True,True,False
A71EV2A-x0501b,COc1ccccc1-c1nnco1,True,True,False
A71EV2A-x0514b,COc1ccc2sc(N)nc2c1,True,True,True
A71EV2A-x0514a,COc1ccc2sc(N)nc2c1,True,True,False
A71EV2A-x0515c,COC(=O)c1ccncc1N,True,True,True
A71EV2A-x0515a,COC(=O)c1ccncc1N,True,True,False
A71EV2A-x0515b,COC(=O)c1ccncc1N,True,True,False
A71EV2A-x0517a,CCn1cc(C(=O)NCc2ccc(F)cc2)cn1,True,True,False
A71EV2A-x0525a,O=c1ccc(OC(F)F)c[nH]1,True,True,False
A71EV2A-x0526a,Cc1nccn1-c1cccnc1,True,True,False
A71EV2A-x0528a,CN1CC[C@@H](Oc2cccc(F)c2)C1=O,True,True,False
A71EV2A-x0528b,CN1CC[C@@H](Oc2cccc(F)c2)C1=O,True,True,True
A71EV2A-x0540a,N#Cc1ccc(CNCc2ccc(F)cc2)cc1,True,True,False
A71EV2A-x0541a,Cc1noc(C)c1C[C@@H](C)C(=O)N(C)C,True,True,False
A71EV2A-x0554b,CC(=O)Nc1cccc2cc[nH]c12,True,True,False
A71EV2A-x0554a,CC(=O)Nc1cccc2cc[nH]c12,True,True,False
A71EV2A-x0556a,Cn1cc(N)c(C(=O)NC2CCC2)n1,True,True,False
A71EV2A-x0566a,CNC(=O)c1cccc2cc[nH]c12,True,True,False
A71EV2A-x0571a,COCc1cc(C(N)=O)no1,True,True,False
A71EV2A-x0586a,CN1CCCc2ccc(S(N)(=O)=O)cc21,True,True,False
A71EV2A-x0691a,CNc1ccccc1S(C)(=O)=O,True,True,False
A71EV2A-x0717a,Cc1n[nH]c(C)c1S(=O)(=O)N(C)C,True,True,False
A71EV2A-x0719b,C[C@H](CS(N)(=O)=O)c1ccccc1,True,True,True
A71EV2A-x0719a,C[C@H](CS(N)(=O)=O)c1ccccc1,True,True,False
A71EV2A-x0732a,Cc1cc(C)c(NC(=O)CO)c(C)c1,True,True,False
A71EV2A-x0739a,Cc1ccc(OCC(=O)N2CCOCC2)c(C)c1,True,True,False
A71EV2A-x0812a,Cn1nc(C(N)=O)c2ccccc21,True,True,False
A71EV2A-x0831a,Nc1cccc(OCc2ccccc2)c1,True,True,True
A71EV2A-x0836a,COc1ccc([C@H](N)c2ccccc2)cc1,True,True,False
A71EV2A-x0836b,COc1ccc([C@H](N)c2ccccc2)cc1,True,True,False
A71EV2A-x0853a,O=C(NC1CC1)c1ccc2c(c1)OCO2,True,True,False
A71EV2A-x0884a,CC(=O)Nc1cccc(NC(N)=O)c1,True,True,False
A71EV2A-x0900a,Nc1ccc(-c2ncno2)cc1,True,True,True
A71EV2A-x0911a,CN(C(=O)[C@H]1CCNC1)c1ccccc1,True,True,False
A71EV2A-x0922a,Cc1ccccc1OCC(=O)N(C)C,True,True,False
A71EV2A-x0926a,COCC(=O)N1CCC[C@H](C(N)=O)C1,True,True,False
A71EV2A-x1019a,COc1cc(Br)ccc1CC(=O)O,True,True,False
A71EV2A-x1068b,Nc1ncccn1,True,True,True
A71EV2A-x1068a,Nc1ncccn1,True,True,False
A71EV2A-x1068c,Nc1ncccn1,True,True,True
A71EV2A-x1080a,CCC(=O)NO,True,True,False
A71EV2A-x1081a,O=C1NCCN1,True,True,True
A71EV2A-x1081b,O=C1NCCN1,True,True,True
A71EV2A-x1084a,NC(=O)C1(N)CC1,True,True,True
A71EV2A-x1105a,c1ccc(-c2ccncc2)cc1,True,True,True
A71EV2A-x1105b,c1ccc(-c2ccncc2)cc1,True,True,True
A71EV2A-x1109a,O=C(O)c1cnc(-c2ccccc2)s1,True,True,True
A71EV2A-x1128a,Oc1nnc(-c2ccccc2)o1,True,True,True
A71EV2A-x1140a,O=C(CN1CCCC1)c1ccccc1Cl,True,True,False
A71EV2A-x1140b,O=C(CN1CCCC1)c1ccccc1Cl,True,True,False
A71EV2A-x1145b,Fc1ccc(C[C@@H]2CCCNC2)cc1,True,True,False
A71EV2A-x1145a,Fc1ccc(C[C@H]2CCCNC2)cc1,True,True,True
A71EV2A-x1146a,Oc1cnc(-c2ccccc2)nc1,True,True,True
A71EV2A-x1148b,Brc1c[nH]cn1,True,True,True
A71EV2A-x1148a,Brc1c[nH]cn1,True,True,False
A71EV2A-x1180a,Clc1c[nH]cn1,True,True,False
A71EV2A-x1180b,Clc1c[nH]cn1,True,True,False
A71EV2A-x1209a,Brc1ncc[nH]1,True,True,False
A71EV2A-x1255a,COCCn1ccc(Br)cc1=O,True,True,False
A71EV2A-x1292a,O=C(NC1CC1)c1ccccc1O,True,True,False
A71EV2A-x1293a,Nc1nnc2ccccn12,True,True,False
A71EV2A-x1346a,Cc1nn(C)c(C)c1CC(=O)N[C@@H](CNC(=O)CCl)c1ccc2ccccc2c1,False,True,False
A71EV2A-x1445a,COc1cc(NC(=O)C[C@@H](C)C(F)(F)F)n(C)n1,False,True,False
A71EV2A-x1445b,COc1cc(NC(=O)C[C@@H](C)C(F)(F)F)n(C)n1,False,True,False
A71EV2A-x1776a,CC(=O)Nc1ccc(C(=O)[C@H](C)S)cc1,False,False,False
A71EV2A-x1778a,CC(=O)N1CCc2cc(C(=O)[C@H](C)S)ccc21,False,False,False
A71EV2A-x2290a,CNC(=O)c1nn(C)c2ccccc12,False,True,False
A71EV2A-x2293a,Cn1nc(C(=O)NC[C@@H]2Cc3ccccc3CN2)c2ccccc21,False,True,False
A71EV2A-x2304a,Cn1nc(C(=O)Nc2cn[nH]c2)c2ccccc21,False,True,False
A71EV2A-x2339a,Cn1nc(C(=O)NC2CC2)c2cc(F)ccc21,False,True,False
A71EV2A-x2351a,Cn1nc(C(N)=O)c2cc(F)ccc21,False,True,False
A71EV2A-x2448a,CN(C)S(=O)(=O)c1cccnc1,True,True,False
A71EV2A-x2448b,CN(C)S(=O)(=O)c1cccnc1,True,True,False
A71EV2A-x2454a,CC(=O)Nc1cccc(NC(N)=O)c1,True,True,False
A71EV2A-x2458a,CNS(=O)(=O)c1ccccc1Cl,True,True,False
A71EV2A-x2513a,COc1ccc(Cl)c2c1C(=O)C(=O)N2,False,True,False
A71EV2A-x2629a,COc1ccccc1NC(=O)Nc1cccnc1,False,True,False
A71EV2A-x2846a,Cn1nc(C(=O)NCCc2cocn2)c2ccccc21,False,True,False
A71EV2A-x2972a,Cn1nc(C(=O)NCc2c[nH]cn2)c2ccccc21,False,True,False
A71EV2A-x3054a,Cc1cccc(NC(=O)N2CCC[C@H](C(N)=O)C2)c1,False,True,False
A71EV2A-x3066a,CNC(=O)c1cn(C)c2ccccc12,True,True,False
A71EV2A-x3175a,Cc1cc(CNC(=O)c2cn(C)c3ccccc23)on1,False,True,False
A71EV2A-x3176a,COC[C@H](C)NC(=O)c1nn(C)c2ccccc12,False,True,False
A71EV2A-x3177a,Cn1nc(C(=O)N[C@H]2C[C@H]2CO)c2ccccc21,False,True,False
A71EV2A-x3178a,Cn1nc(C(=O)N[C@H]2CCOC2)c2ccccc21,False,True,False
A71EV2A-x3181a,Cn1nc(C(=O)NCCn2cncn2)c2ccccc21,False,True,False
A71EV2A-x3181b,Cn1nc(C(=O)NCCn2cncn2)c2ccccc21,False,True,False
A71EV2A-x3186a,COc1ccccc1CC(=O)N1CCC[C@H](C(N)=O)C1,False,True,False
A71EV2A-x3188a,Cn1cc2c(CC(=O)N3CCC[C@H](C(N)=O)C3)cccc2n1,False,True,False
A71EV2A-x3189a,Cn1cc2c(CC(=O)N3CCC[C@H](C(N)=O)C3)cccc2n1,False,True,False
A71EV2A-x3191a,NC(=O)[C@H]1CCCN(C(=O)Cc2cccc3occc23)C1,False,True,False
A71EV2A-x3193a,NC(=O)[C@H]1CCCN(C(=O)Cc2ccnc(Cl)c2Br)C1,False,True,False
A71EV2A-x3194a,Cc1cc(CC(=O)N2CCC[C@H](C(N)=O)C2)ccn1,False,True,False
A71EV2A-x3201a,COc1ncccc1CC(=O)N1CCC[C@H](C(N)=O)C1,False,True,False
A71EV2A-x3207a,NC(=O)[C@H]1CCCN(C(=O)Cc2ccnc(N)c2)C1,False,True,False
A71EV2A-x3208a,NC(=O)[C@H]1CCCN(C(=O)Cc2cc(C(F)(F)F)ccc2Cl)C1,False,True,False
A71EV2A-x3210a,NC(=O)[C@H]1CCCN(C(=O)Cc2cccc3cn[nH]c23)C1,False,True,False
A71EV2A-x3218a,NC(=O)[C@H]1CCCN(C(=O)[C@@H]2CCNc3[nH]ncc32)C1,False,True,False
A71EV2A-x3221a,Cc1nc(C)c(CC(=O)N2CCC[C@H](C(N)=O)C2)[nH]1,False,True,False
A71EV2A-x3222a,NC(=O)[C@H]1CCCN(C(=O)c2[nH]ncc2Br)C1,False,True,False
A71EV2A-x3223a,NC(=O)[C@H]1CCCN(C(=O)c2ccnc3[nH]ncc23)C1,False,True,False
A71EV2A-x3225a,Cc1nc2ccccc2n1CC(=O)N1CCC[C@H](C(N)=O)C1,False,True,False
A71EV2A-x3229a,COc1ccncc1CC(=O)N1CCC[C@H](C(N)=O)C1,False,True,False
A71EV2A-x3234a,Cc1cc(C)c(Nc2ccn(C3COC3)n2)c(C)c1,False,True,False
A71EV2A-x3264a,Cn1nc(C(=O)NCCc2cocn2)c2cccnc21,False,True,False
A71EV2A-x3279a,Cc1cc(C)c(Nc2ccn(C)n2)c(C)c1,False,True,False
A71EV2A-x3280a,Cn1nc(C(=O)NCC(F)(F)c2ccccn2)c2ccccc21,False,True,False
A71EV2A-x3286a,Cc1ocnc1CCNC(=O)c1nn(C)c2ccccc12,False,True,False
A71EV2A-x3305a,Cc1ccc2c(cnn2C)c1Nc1ccn([C@H]2CCNC2=O)n1,False,True,False
A71EV2A-x3306a,Cn1nc(C(=O)NCCc2cscn2)c2ccccc21,False,True,False
A71EV2A-x3324a,Cn1nc(C(=O)NCCc2ccc(S(C)(=O)=O)cc2)c2ccccc21,False,True,False
A71EV2A-x3579a,COc1ccccc1CN1C[C@@H](C(N)=O)CCC1=O,False,True,False
A71EV2A-x3581a,COc1ccccc1CC(=O)N1CC[C@H](C(N)=O)C1,False,True,False
A71EV2A-x3585a,Cc1cc(NC(=O)N2CCC[C@H](C(N)=O)C2)c2cnn(C)c2c1,False,True,False
A71EV2A-x3371a,Cn1cnc(CCNC(=O)c2nn(C)c3ccccc23)c1,False,True,False
A71EV2A-x3379a,C[C@@H](Cc1cocn1)NC(=O)c1nn(C)c2ccccc12,False,True,False
A71EV2A-x3392a,O=C(NCCc1cocn1)N1CCc2ccccc21,False,True,False
A71EV2A-x3403a,Cn1cc2cccc(NC(=O)Cc3cocn3)c2n1,False,True,False
A71EV2A-x3408a,C=CS(=O)(=O)N1CCC[C@H](C(N)=O)C1,False,True,False
A71EV2A-x3410a,Cc1nn(C)c2cc(C(=O)NCCc3cocn3)ccc12,False,True,False
A71EV2A-x3417a,NC(=O)[C@H]1CCCN(C(=O)NCC2CC2)C1,False,True,False
A71EV2A-x3419a,Cn1nc(C(=O)NCCc2cocn2)c2ccccc2c1=O,False,True,False
A71EV2A-x3435a,O=C(NCCc1cocn1)c1ccccc1,False,True,False
A71EV2A-x3436a,Cn1ncc(C(=O)NCCc2cocn2)n1,False,True,False
A71EV2A-x3450a,N#Cc1sccc1CC(=O)N1CCC[C@H](C(N)=O)C1,False,True,False
A71EV2A-x3480a,N#CCc1cccc(NC(=O)N2CCC[C@H](C(N)=O)C2)c1,False,True,False
A71EV2A-x3483a,COCc1ccccc1NC(=O)N1CCC[C@H](C(N)=O)C1,False,True,False
A71EV2A-x3485a,COc1cccc(NC(=O)N2CCC[C@H](C(N)=O)C2)c1,False,True,False
A71EV2A-x3488a,COCC(=O)Nc1c(Cl)cc(C)cc1Oc1cccc(C(N)=O)c1,False,True,False
A71EV2A-x3489a,Cc1nc2n(c1CC(=O)N1CCC[C@H](C(N)=O)C1)CCCC2,False,True,False
A71EV2A-x3509a,N#Cc1cccc(NC(=O)N2CCC[C@H](C(N)=O)C2)c1,False,True,False
A71EV2A-x3509b,N#Cc1cccc(NC(=O)N2CCC[C@H](C(N)=O)C2)c1,False,True,False
A71EV2A-x3510a,Cc1ccccc1NC(=O)N1CCC[C@H](C(N)=O)C1,False,True,False
A71EV2A-x3593a,C[C@@H](Cc1cocn1)NC(=O)c1nn(C)c2ccccc12,False,True,False
A71EV2A-x3606a,Cn1ncc(-c2cc(Cl)cc(Cl)c2)c1CC(=O)N1CCC[C@H](C(N)=O)C1,False,True,False
A71EV2A-x3612a,NC(=O)[C@H]1CCCN(C(=O)Nc2ccccc2F)C1,False,True,False
A71EV2A-x3616a,Cc1ccccc1CNC(=O)N1CCC[C@H](C(N)=O)C1,False,True,False
A71EV2A-x3616b,Cc1ccccc1CNC(=O)N1CCC[C@H](C(N)=O)C1,False,True,False
A71EV2A-x3618a,CCNC(=O)c1cccc(NC(=O)N2CCC[C@H](C(N)=O)C2)c1,False,True,False
A71EV2A-x3618b,CCNC(=O)c1cccc(NC(=O)N2CCC[C@H](C(N)=O)C2)c1,False,True,False
A71EV2A-x3621a,COc1ccccc1CC(=O)N1CC[C@@H](O)C1,False,True,False
A71EV2A-x3623a,Cc1cnc(CNS(=O)(=O)C[C@@H](C)c2ccccc2)o1,False,True,False
A71EV2A-x3634a,COc1ccccc1CC(=O)N1C[C@H](C(N)=O)[C@@H](C)C1,False,True,False
A71EV2A-x3663a,COc1ccccc1CC(=O)N1CCO[C@@H](C(N)=O)C1,False,True,False
A71EV2A-x3665a,COc1ccccc1CC(=O)N1C[C@@H](C(N)=O)CC(F)(F)C1,False,True,False
A71EV2A-x3685a,COc1ccccc1CC(=O)N1CC[C@@H](NC(N)=O)C1,False,True,False
A71EV2A-x3694a,COc1ccccc1CC(=O)N1CC[C@@H](CC(N)=O)C1,False,True,False
A71EV2A-x3694b,COc1ccccc1CC(=O)N1CC[C@@H](CC(N)=O)C1,False,True,False
A71EV2A-x3706a,Cc1cccc(CNC(=O)N2CCC[C@H](C(N)=O)C2)c1,False,True,False
A71EV2A-x3706b,Cc1cccc(CNC(=O)N2CCC[C@H](C(N)=O)C2)c1,False,True,False
A71EV2A-x3521a,N#C[C@H]1C[C@@H](NC(=O)C2(c3ccc(Cl)cc3Cl)CCOCC2)C1,False,True,False
A71EV2A-x3521b,N#C[C@H]1C[C@H](NC(=O)C2(c3ccc(Cl)cc3Cl)CCOCC2)C1,False,True,True
A71EV2A-x3522a,COCC(=O)Nc1c(Cl)cc(C)cc1OCc1ncccn1,False,True,False
A71EV2A-x3522b,COCC(=O)Nc1c(Cl)cc(C)cc1OCc1ncccn1,False,True,False
A71EV2A-x3546a,COc1ccc(F)cc1CC(=O)N1CCC[C@H](C(N)=O)C1,False,True,False
A71EV2A-x3548a,COc1ccncc1CC(=O)N1CCC[C@H](C(N)=O)C1,False,True,False
A71EV2A-x3550b,COc1ccccc1CC(=O)N1C[C@@H](C(N)=O)CC[C@@H]1C,False,True,True
A71EV2A-x3550a,COc1ccccc1CC(=O)N1C[C@@H](C(N)=O)CC[C@@H]1C,False,True,False
A71EV2A-x3556a,Cn1cc2c(CC(=O)N3CC[C@H](C(N)=O)C3)cccc2n1,False,True,False
A71EV2A-x3557a,COc1ccc(CC(=O)N2CCC[C@H](C(N)=O)C2)c(OC)c1,False,True,False
A71EV2A-x3557b,COc1ccc(CC(=O)N2CCC[C@H](C(N)=O)C2)c(OC)c1,False,True,False
A71EV2A-x3564a,Cc1ccccc1NC(=O)c1cncc(C(N)=O)c1,False,True,False
A71EV2A-x3568a,Cc1ccc2c(C(=O)NCCc3cocn3)c[nH]c2c1,False,True,False
A71EV2A-x3571a,COc1ccccc1CC(=O)N1CCCC[C@H](C(N)=O)C1,False,True,False
A71EV2A-x3571b,COc1ccccc1CC(=O)N1CCCC[C@H](C(N)=O)C1,False,True,False
A71EV2A-x3575a,COc1c(C#N)cccc1CC(=O)N1CCC[C@H](C(N)=O)C1,False,True,False
A71EV2A-x3849a,COc1ncccc1CC(=O)N1CCC[C@@H](C(N)=O)C1,False,True,False
A71EV2A-x3858a,COc1cccc(Cl)c1CC(=O)N1CCC[C@@H](C(N)=O)C1,False,True,False
A71EV2A-x3858b,COc1cccc(Cl)c1CC(=O)N1CCC[C@@H](C(N)=O)C1,False,True,False
A71EV2A-x3862a,COc1ccccc1[C@@H](OC)C(=O)N1CCC[C@H](C(N)=O)C1,False,True,False
A71EV2A-x3867a,Cc1ccccc1NC(=O)c1ccc(C)c(C(N)=O)c1,False,True,False
A71EV2A-x3868a,COc1ccccc1N(C)C(=O)N1CCC[C@H](C(N)=O)C1,False,True,False
A71EV2A-x3869a,COc1ncccc1CC(=O)N1CCC[C@@H](C(N)=O)C1,False,True,False
A71EV2A-x3883a,COc1ccccc1[C@H](OC)C(=O)N1CCC[C@H](C(N)=O)C1,False,True,False
A71EV2A-x3884a,COc1ccccc1[C@H](NC(=O)OC(C)(C)C)C(=O)N1CCC[C@H](C(N)=O)C1,False,True,False
A71EV2A-x3884b,COc1ccccc1[C@H](NC(=O)OC(C)(C)C)C(=O)N1CCC[C@H](C(N)=O)C1,False,True,False
A71EV2A-x3890a,COc1ccccc1[C@H](N)C(=O)N1CCC[C@H](C(N)=O)C1,False,True,False
A71EV2A-x3895a,COc1ccccc1CN1C[C@@H](C(N)=O)CC1=O,False,True,False
A71EV2A-x3897a,COc1ccncc1CC(=O)N1CCC[C@@H](C(N)=O)C1,False,True,False
A71EV2A-x3901a,COc1ccccc1CC(=O)N1CCN[C@H](C(N)=O)C1,False,True,False
A71EV2A-x3908a,Cc1cccc(N(CC(=O)N2CCCCC2)C(=O)N2CCC[C@H](C(N)=O)C2)c1,False,True,False
A71EV2A-x3914a,Cn1cc2c(CC(=O)N3CCC[C@H](C(N)=O)C3)cccc2n1,False,True,False
A71EV2A-x3920a,COc1ncccc1CC(=O)N1CCC[C@H](C(N)=O)C1,False,True,False
A71EV2A-x3936a,COC[C@]1(C(=O)N2CCC[C@H](C(N)=O)C2)CCCCO1,False,True,False
A71EV2A-x3937a,CO[C@@H](C(=O)N1CCC[C@H](C(N)=O)C1)c1cccnc1,False,True,False
A71EV2A-x3938a,C[C@]1(C(=O)N2CCC[C@H](C(N)=O)C2)CCCCO1,False,True,False
A71EV2A-x3939a,CO[C@@H](C(=O)N1CCC[C@H](C(N)=O)C1)c1ccccc1C,False,True,False
A71EV2A-x3940a,COc1ccc(Cl)cc1CC(=O)N1CCC[C@H](C(N)=O)C1,False,True,False
A71EV2A-x3942a,COc1cccc(Cl)c1CC(=O)N1CCC[C@H](C(N)=O)C1,False,True,False
A71EV2A-x3944a,CCN(CC1CC1)C(=O)c1cccc(CC(=O)N2CCC[C@H](C(N)=O)C2)c1,False,True,False
A71EV2A-x3954a,COc1ccc2c(n1)[C@@H](C(=O)N1CCC[C@H](C(N)=O)C1)CC2,False,True,False
A71EV2A-x3956a,COc1ccccc1CCN1C[C@@H](C(N)=O)CC1=O,False,True,False
A71EV2A-x3963a,NC(=O)[C@H]1CCCN(C(=O)Cc2cccnc2N)C1,False,True,False
A71EV2A-x3963b,NC(=O)[C@H]1CCCN(C(=O)Cc2cccnc2N)C1,False,True,False
A71EV2A-x3968a,NC(=O)[C@H]1CCCN(C(=O)[C@H](OCC2CCCC2)c2ccccc2)C1,False,True,False
A71EV2A-x3975a,NC(=O)[C@H]1CCCN(C(=O)[C@@H](CN2CCCC2)c2ccccc2)C1,False,True,False
A71EV2A-x3977a,COc1ccccc1CC(=O)N(C)CCC(N)=O,False,True,False
A71EV2A-x3977b,COc1ccccc1CC(=O)N(C)CCC(N)=O,False,True,True
A71EV2A-x3981a,NC(=O)[C@H]1CCCN(C(=O)[C@@H](CCc2ccccc2)c2ccccc2)C1,False,True,False
A71EV2A-x3982a,NC(=O)[C@H]1CCCN(C(=O)C(c2ccccc2)c2ccccc2)C1,False,True,False
A71EV2A-x3986a,NC(=O)[C@H]1CCCN(C(=O)[C@@H](Sc2ccccc2)c2ccccc2)C1,False,True,False
A71EV2A-x3986b,NC(=O)[C@H]1CCCN(C(=O)[C@@H](Sc2ccccc2)c2ccccc2)C1,False,True,False
A71EV2A-x3989a,NC(=O)[C@H]1CCN(C(=O)Cc2cc(C(F)(F)F)ccc2Cl)C1,False,True,False
A71EV2A-x3990a,COc1ccccc1CC(=O)N1C[C@H](C(N)=O)[C@@H](C(F)(F)F)C1,False,True,False
A71EV2A-x3992a,COc1cccc(Cl)c1NC(=O)N1CC[C@H](C(N)=O)C1,False,True,False
A71EV2A-x3992b,COc1cccc(Cl)c1NC(=O)N1CC[C@H](C(N)=O)C1,False,True,False
A71EV2A-x3993a,COc1cccc(Cl)c1CC(=O)N1C[C@H](C(N)=O)C[C@H](C(=O)NC2CC2)C1,False,True,False
A71EV2A-x3993b,COc1cccc(Cl)c1CC(=O)N1C[C@H](C(N)=O)C[C@H](C(=O)NC2CC2)C1,False,True,False
A71EV2A-x4012a,COc1ccccc1NC(=O)N1CCC[C@H](C(N)=O)C1,False,True,False
A71EV2A-x4012b,COc1ccccc1NC(=O)N1CCC[C@H](C(N)=O)C1,False,True,False
A71EV2A-x4017a,Cn1ncc2c(NC(=O)N3CCC[C@H](C(N)=O)C3)cccc21,False,True,False
A71EV2A-x4017b,Cn1ncc2c(NC(=O)N3CCC[C@H](C(N)=O)C3)cccc21,False,True,False
A71EV2A-x4018a,COc1ccccc1CC(=O)N1CCC[C@H](C(N)=O)CC1,False,True,False
A71EV2A-x4018b,COc1ccccc1CC(=O)N1CCC[C@H](C(N)=O)CC1,False,True,False
A71EV2A-x4020a,Cc1cccc(CC(=O)N2CCC[C@H](C(N)=O)C2)c1,False,True,False
A71EV2A-x4020b,Cc1cccc(CC(=O)N2CCC[C@H](C(N)=O)C2)c1,False,True,False
A71EV2A-x4028a,COc1ccc(C(F)(F)F)cc1CC(=O)N1CCC[C@H](C(N)=O)C1,False,True,False
A71EV2A-x4029a,COc1ccccc1CN1C[C@@H](C(N)=O)CCC1=O,False,True,False
A71EV2A-x4031a,COc1ncccc1NC(=O)N1CCC[C@H](C(N)=O)C1,False,True,False
A71EV2A-x4031b,COc1ncccc1NC(=O)N1CCC[C@H](C(N)=O)C1,False,True,False
A71EV2A-x4032a,COc1ccccc1CC(=O)N1CC[C@@H](CC(N)=O)C1,False,True,False
A71EV2A-x4032b,COc1ccccc1CC(=O)N1CC[C@@H](CC(N)=O)C1,False,True,False
A71EV2A-x4035a,COc1cccc(Cl)c1NC(=O)N1CCC[C@H](C(N)=O)C1,False,True,False
A71EV2A-x4035b,COc1cccc(Cl)c1NC(=O)N1CCC[C@H](C(N)=O)C1,False,True,False
A71EV2A-x4202a,NC(=O)[C@H]1CCCN(C(=O)[C@H]2CCc3cccc(Br)c32)C1,False,True,False
A71EV2A-x4202b,NC(=O)[C@H]1CCCN(C(=O)[C@H]2CCc3cccc(Br)c32)C1,False,True,False
A71EV2A-x4290a,CSc1c(Br)cccc1CC(=O)N1CCC[C@H](C(N)=O)C1,False,True,False
A71EV2A-x4291a,Cc1cc(C)c(CC(=O)N2CCC[C@H](C(N)=O)C2)c(=O)[nH]1,False,True,False
A71EV2A-x4292a,NC(=O)[C@H]1CCCN(C(=O)Cc2cnccc2C(F)(F)F)C1,False,True,False
A71EV2A-x4295a,COc1ccccc1[C@@H](O)CN1C[C@@H](C(N)=O)CC1=O,False,True,False
A71EV2A-x4298a,COc1cccc(NC(=O)N2CCC[C@H](C(N)=O)C2)n1,False,True,False
A71EV2A-x4303a,COc1ccc(S(C)(=O)=O)cc1NC(=O)N1CCC[C@H](C(N)=O)C1,False,True,False
A71EV2A-x4303b,COc1ccc(S(C)(=O)=O)cc1NC(=O)N1CCC[C@H](C(N)=O)C1,False,True,False
A71EV2A-x4304a,COc1ccc(NS(C)(=O)=O)cc1NC(=O)N1CCC[C@H](C(N)=O)C1,False,True,False
A71EV2A-x4305a,CC(C)Oc1ccccc1NC(=O)N1CCC[C@H](C(N)=O)C1,False,True,False
A71EV2A-x4306a,NC(=O)[C@H]1CCCN(C(=O)Nc2ccccc2OCC(F)(F)F)C1,False,True,False
A71EV2A-x4308a,NC(=O)[C@H]1CCCN(C(=O)Nc2cc3c(cc2Cl)OCO3)C1,False,True,False
A71EV2A-x4309a,CCS(=O)(=O)c1ccc(OC)c(NC(=O)N2CCC[C@H](C(N)=O)C2)c1,False,True,False
A71EV2A-x4309b,CCS(=O)(=O)c1ccc(OC)c(NC(=O)N2CCC[C@H](C(N)=O)C2)c1,False,True,False
A71EV2A-x4310a,COc1c(NC(=O)N2CCC[C@H](C(N)=O)C2)cccc1C(F)(F)F,False,True,False
A71EV2A-x4310b,COc1c(NC(=O)N2CCC[C@H](C(N)=O)C2)cccc1C(F)(F)F,False,True,False
A71EV2A-x4311a,CC(C)(C)c1ccccc1NC(=O)N1CCC[C@H](C(N)=O)C1,False,True,False
A71EV2A-x4312a,NC(=O)[C@H]1CC(=O)N(Cc2cccc3c2OCC3)C1,False,True,False
A71EV2A-x4313a,COc1ccccc1[C@H](C)CN1C[C@@H](C(N)=O)CC1=O,False,True,False
A71EV2A-x4315a,NC(=O)[C@H]1CCC(=O)N(Cc2cccc3c2OCO3)C1,False,True,False
A71EV2A-x4316a,COc1cccc2c1CC[C@H]2N1C[C@@H](C(N)=O)CCC1=O,False,True,False
A71EV2A-x4317a,COc1ccccc1CC(=O)N1C[C@@H](C(N)=O)CC12CC2,False,True,False
A71EV2A-x4319a,NC(=O)[C@H]1CCCN(C(=O)Cc2ccccc2OC(F)F)C1,False,True,False
A71EV2A-x4320a,NC(=O)[C@H]1CCCN(C(=O)Cc2ccc3c(c2)CCC(=O)N3)C1,False,True,False
A71EV2A-x4321a,N#CCc1ccccc1CC(=O)N1CCC[C@H](C(N)=O)C1,False,True,False
A71EV2A-x4321b,N#CCc1ccccc1CC(=O)N1CCC[C@H](C(N)=O)C1,False,True,False
A71EV2A-x4322a,CC(=O)Nc1ccccc1CC(=O)N1CCC[C@H](C(N)=O)C1,False,True,False
A71EV2A-x4324a,NC(=O)[C@H]1CCC(=O)N(Cc2cccc3c2OCC3)C1,False,True,False
A71EV2A-x4331a,CCc1ccccc1CC(=O)N1CCC[C@H](C(N)=O)C1,False,True,False
A71EV2A-x4331b,CCc1ccccc1CC(=O)N1CCC[C@H](C(N)=O)C1,False,True,False
A71EV2A-x4333a,Cc1ncccc1CC(=O)N1CCC[C@H](C(N)=O)C1,False,True,False
A71EV2A-x4334a,CSc1cccc(CC(=O)N2CCC[C@H](C(N)=O)C2)c1,False,True,False
A71EV2A-x4334b,CSc1cccc(CC(=O)N2CCC[C@H](C(N)=O)C2)c1,False,True,False
A71EV2A-x4336a,NC(=O)[C@H]1CCCN(C(=O)Cc2cccc(Cl)c2Cl)C1,False,True,False
A71EV2A-x4341a,NC(=O)[C@H]1CCCN(C(=O)Cc2cccc3sccc23)C1,False,True,False
A71EV2A-x4342a,NC(=O)[C@H]1CCCN(C(=O)Cc2cccnc2C(F)(F)F)C1,False,True,False
A71EV2A-x4343a,NC(=O)[C@H]1CCCN(C(=O)Cc2ccnc(O)c2Br)C1,False,True,False
A71EV2A-x4343b,NC(=O)[C@H]1CCCN(C(=O)Cc2ccnc(O)c2Br)C1,False,True,False
A71EV2A-x4344a,NC(=O)[C@H]1CCCN(C(=O)Cc2cccc3c2CCC3)C1,False,True,False
A71EV2A-x4346a,NC(=O)[C@H]1CCCN(C(=O)Cc2cccc3nonc23)C1,False,True,False
A71EV2A-x4347a,COc1ncccc1CC(=O)N1CCC[C@H](C(N)=O)C1,False,True,False
A71EV2A-x4350a,Cc1cnccc1CC(=O)N1CCC[C@H](C(N)=O)C1,False,True,False
A71EV2A-x4351a,NC(=O)C[C@H]1CCCN(c2ncnc3ccccc23)C1,False,True,False
A71EV2A-x4365a,NC(=O)[C@H]1CCCN(C(=O)Cc2cccc3c2OCCO3)C1,False,True,False
A71EV2A-x4365b,NC(=O)[C@H]1CCCN(C(=O)Cc2cccc3c2OCCO3)C1,False,True,False
A71EV2A-x4368a,COCc1ccccc1CC(=O)N1CCC[C@H](C(N)=O)C1,False,True,False
A71EV2A-x4372a,NC(=O)[C@H]1CCCN(C(=O)Cc2cccnc2O)C1,False,True,False
A71EV2A-x4373a,NC(=O)[C@H]1CCCN(C(=O)Cc2cccc3c2OCO3)C1,False,True,False
A71EV2A-x4374a,NC(=O)[C@H]1CCCN(C(=O)Cc2ccccc2CO)C1,False,True,False
A71EV2A-x4374b,NC(=O)[C@H]1CCCN(C(=O)Cc2ccccc2CO)C1,False,True,False
A71EV2A-x4380a,NC(=O)[C@H]1CCCN(C(=O)Cc2cc(F)ccc2Cl)C1,False,True,False
A71EV2A-x4381a,NC(=O)[C@H]1CCCN(C(=O)Cc2cc(C(F)(F)F)ccc2C(F)(F)F)C1,False,True,False
A71EV2A-x4203a,COc1cc(Cl)ccc1CC(=O)N1CCC[C@H](C(N)=O)C1,False,True,False
A71EV2A-x4207a,COc1ccccc1[C@@H](NC(C)=O)C(=O)N1CCC[C@H](C(N)=O)C1,False,True,False
A71EV2A-x4207b,COc1ccccc1[C@@H](NC(C)=O)C(=O)N1CCC[C@H](C(N)=O)C1,False,True,False
A71EV2A-x4209a,COc1cccc(Cl)c1CC(=O)N1CCC[C@H](C(N)=O)C1,False,True,False
A71EV2A-x4214a,COc1ccccc1S(=O)(=O)N1CCC[C@H](C(N)=O)C1,False,True,False
A71EV2A-x4214b,COc1ccccc1S(=O)(=O)N1CCC[C@H](C(N)=O)C1,False,True,False
A71EV2A-x4237a,NC(=O)[C@H]1CCCN(C(=O)[C@@H](Cc2ccc(F)cc2)c2ccccc2)C1,False,True,False
A71EV2A-x4237b,NC(=O)[C@H]1CCCN(C(=O)[C@@H](Cc2ccc(F)cc2)c2ccccc2)C1,False,True,False
A71EV2A-x4237c,NC(=O)[C@H]1CCCN(C(=O)[C@@H](Cc2ccc(F)cc2)c2ccccc2)C1,False,True,False
A71EV2A-x4237d,NC(=O)[C@H]1CCCN(C(=O)[C@@H](Cc2ccc(F)cc2)c2ccccc2)C1,False,True,False
A71EV2A-x4239a,COc1cccc(Cl)c1CC(=O)N1C[C@H](C(N)=O)[C@H]2CCC[C@H]21,False,True,False
A71EV2A-x4254a,NC(=O)[C@H]1CCCN(C(=O)[C@H]2Cc3cccc(Cl)c32)C1,False,True,False
A71EV2A-x4260a,NC(=O)[C@H]1CCCN(C(=O)[C@H]2CCOc3ccc(Cl)cc32)C1,False,True,False
A71EV2A-x4274a,COc1cccnc1CN1CCC[C@H](C(N)=O)C1,False,True,False
A71EV2A-x4274b,COc1cccnc1CN1CCC[C@H](C(N)=O)C1,False,True,False
A71EV2A-x4283a,COc1cccnc1CC(=O)N1CCC[C@H](C(N)=O)C1,False,True,False
A71EV2A-x4283b,COc1cccnc1CC(=O)N1CCC[C@H](C(N)=O)C1,False,True,False
A71EV2A-x4386a,CSc1ccccc1CC(=O)N1CCC[C@H](C(N)=O)C1,False,True,False
A71EV2A-x4388a,COc1ncc(Br)cc1CC(=O)N1CCC[C@H](C(N)=O)C1,False,True,False
A71EV2A-x4390a,COc1ccccc1CCN1C[C@H](C(N)=O)CCC1=O,False,True,False
A71EV2A-x4402a,Cc1cccc(N2CCCN(CCC(N)=O)C2=O)c1,False,True,False
A71EV2A-x4403a,NC(=O)[C@H]1CCCN(C(=O)Cc2ccccc2CS(N)(=O)=O)C1,False,True,False
A71EV2A-x4406a,COc1ccccc1[C@H](O)CN1C[C@@H](C(N)=O)CCC1=O,False,True,False
A71EV2A-x4409a,NC(=O)[C@H]1CCC(=O)N(C[C@H]2CCOc3ccccc32)C1,False,True,False
A71EV2A-x4415a,COc1ccc(C#N)cc1NC(=O)N1CCC[C@H](C(N)=O)C1,False,True,False
A71EV2A-x4416a,NC(=O)[C@H]1CCCN(C(=O)[C@]2(Cc3ccc(F)cc3)CCCCO2)C1,False,True,False
A71EV2A-x4418a,COc1ncccc1NC(=O)N1CC[C@H](C(N)=O)C1,False,True,False
A71EV2A-x4420a,NC(=O)[C@H]1CCC(=O)N(Cc2cc(Cl)c3c[nH]nc3c2)C1,False,True,False
A71EV2A-x4421a,COc1ccncc1CC(=O)N1CC[C@H](C(N)=O)C1,False,True,False
A71EV2A-x4423a,COc1ccncc1CC(=O)N1CCC[C@H](CCO)C1,False,True,False
A71EV2A-x4426a,C#C[C@H](NCCc1cocn1)c1nn(C)c2ccccc12,False,True,False
A71EV2A-x4429a,COc1ccc(C(F)(F)F)cc1NC(=O)N1CCC[C@H](C(N)=O)C1,False,True,False
A71EV2A-x4431a,CSc1ccc(Br)cc1CC(=O)N1CCC[C@H](C(N)=O)C1,False,True,False
A71EV2A-x4445a,COc1ccccc1[C@H](C)C(=O)N1CCC[C@H](C(N)=O)C1,False,True,False
A71EV2A-x4445b,COc1ccccc1[C@H](C)C(=O)N1CCC[C@H](C(N)=O)C1,False,True,False
A71EV2A-x4447a,Cn1cnc2c(NC(=O)N3CCC[C@H](C(N)=O)C3)cccc21,False,True,False
A71EV2A-x4447b,Cn1cnc2c(NC(=O)N3CCC[C@H](C(N)=O)C3)cccc21,False,True,False
A71EV2A-x4449a,COc1ccccc1[C@H](NC(C)=O)C(=O)N1CCC[C@H](C(N)=O)C1,False,True,False
A71EV2A-x4449b,COc1ccccc1[C@H](NC(C)=O)C(=O)N1CCC[C@H](C(N)=O)C1,False,True,False
A71EV2A-x4451a,NC(=O)[C@H]1CCCN(C(=O)[C@H](c2ccccc2)n2cccn2)C1,False,True,False
A71EV2A-x4451b,NC(=O)[C@H]1CCCN(C(=O)[C@H](c2ccccc2)n2cccn2)C1,False,True,False
A71EV2A-x4456a,NC(=O)[C@H]1CCCN(C(=O)[C@@H]2CCc3cccc(O)c32)C1,False,True,False
A71EV2A-x4456b,NC(=O)[C@H]1CCCN(C(=O)[C@@H]2CCc3cccc(O)c32)C1,False,True,False
A71EV2A-x4461a,NC(=O)[C@H]1CCCN(C(=O)Cc2ccncc2Cl)C1,False,True,False
A71EV2A-x4463a,NC(=O)[C@H]1CCCN(C(=O)Cc2cccc3nsnc23)C1,False,True,False
A71EV2A-x4464a,Cc1ncnc(C)c1CC(=O)N1CCC[C@H](C(N)=O)C1,False,True,False
A71EV2A-x4467a,NC(=O)[C@H]1CCCN(C(=O)C2(n3cccn3)CCCC2)C1,False,True,False
A71EV2A-x4472a,NC(=O)[C@H]1CCCN(C(=O)[C@H]2CCc3snnc32)C1,False,True,False
A71EV2A-x4476a,COc1ccccc1CC(=O)N1C[C@]2(C(N)=O)CC[C@H]1C2,False,True,False
A71EV2A-x4489a,NC(=O)[C@H]1CCCN(C(=O)Cc2cccnc2N)C1,False,True,False
A71EV2A-x4489b,NC(=O)[C@H]1CCCN(C(=O)Cc2cccnc2N)C1,False,True,False
A71EV2A-x4490a,NC(=O)[C@H]1CCC(=O)N(Cc2cccc3cc[nH]c23)C1,False,True,False
A71EV2A-x4494a,C[C@@H](C(=O)N1CCC[C@H](C(N)=O)C1)c1noc2ccccc12,False,True,False
A71EV2A-x4496a,NC(=O)[C@H]1CCCN(C(=O)C2(c3ccnn3C(F)(F)F)CC2)C1,False,True,False
A71EV2A-x4509a,C[C@H](C(=O)N1CCC[C@H](C(N)=O)C1)c1cncc(F)c1,False,True,False
A71EV2A-x4510a,C[C@H](C(=O)N1CCC[C@H](C(N)=O)C1)c1cn(C)nc1C(F)(F)F,False,True,False
A71EV2A-x4514a,NC(=O)[C@H]1CCCN(C(=O)C2(c3ccoc3)CCC2)C1,False,True,False
A71EV2A-x4516a,NC(=O)[C@H]1CCCN(C(=O)C(F)(F)c2cnsc2Cl)C1,False,True,False
A71EV2A-x4519a,NC(=O)[C@H]1CCCN(C(=O)Cc2ncc3ccc(Br)cn23)C1,False,True,False
A71EV2A-x4519b,NC(=O)[C@H]1CCCN(C(=O)Cc2ncc3ccc(Br)cn23)C1,False,True,False
A71EV2A-x4524a,COc1cccc(NC(=O)N2CCC[C@H](C(N)=O)C2)c1Cl,False,True,False
A71EV2A-x4526a,C[C@H](C(=O)N1CCC[C@H](C(N)=O)C1)c1cccs1,False,True,False
A71EV2A-x4528a,NC(=O)[C@H]1CCCN(C(=O)CN2CCOc3ccc(Cl)cc32)C1,False,True,False
A71EV2A-x4537a,NC(=O)[C@H]1CCC(=O)N(Cc2csc3ccccc23)C1,False,True,False
A71EV2A-x4538a,NC(=O)[C@H]1CCCN(C(=O)C(F)(F)c2cccc(F)c2Br)C1,False,True,False
A71EV2A-x4540a,NC(=O)[C@H]1CCCN(C(=O)Cn2cc(Br)cc(Cl)c2=O)C1,False,True,False
A71EV2A-x4541a,NC(=O)[C@H]1CCCN(C(=O)C(F)(F)c2cnsc2Cl)C1,False,True,False
A71EV2A-x4541b,NC(=O)[C@H]1CCCN(C(=O)C(F)(F)c2cnsc2Cl)C1,False,True,False
A71EV2A-x4544a,CS(=O)(=O)c1ccc(Br)cc1CC(=O)N1CCC[C@H](C(N)=O)C1,False,True,False
A71EV2A-x4546a,NC(=O)[C@H]1CCC(=O)N(Cc2cccc3cc[nH]c23)C1,False,True,False
A71EV2A-x4547a,Cn1nc(CN2C[C@H](C(N)=O)CCC2=O)c2ccccc21,False,True,False
A71EV2A-x4554a,COc1cccc(SC)c1NC(=O)N1CCC[C@H](C(N)=O)C1,False,True,False
A71EV2A-x4559a,Cc1ccc2c(ccn2CC(=O)N2CCC[C@H](C(N)=O)C2)c1,False,True,False
A71EV2A-x4559b,Cc1ccc2c(ccn2CC(=O)N2CCC[C@H](C(N)=O)C2)c1,False,True,False
A71EV2A-x4563a,NC(=O)[C@H]1CCC(=O)N(c2ccccc2)C1,False,True,False
A71EV2A-x4570a,C[C@H](C(=O)N1CCC[C@H](C(N)=O)C1)c1cncc(F)c1,False,True,False
A71EV2A-x4571a,C[C@H](C(=O)N1CCC[C@H](C(N)=O)C1)c1cn(C)nc1C(F)(F)F,False,True,False
A71EV2A-x4575a,NC(=O)[C@H]1CCCN(C(=O)C2(c3ccoc3)CCC2)C1,False,True,False
A71EV2A-x4580a,NC(=O)[C@H]1CCCN(C(=O)Cc2ncc3ccc(Br)cn23)C1,False,True,False
A71EV2A-x4580b,NC(=O)[C@H]1CCCN(C(=O)Cc2ncc3ccc(Br)cn23)C1,False,True,False
A71EV2A-x4583a,CN1c2ccccc2C[C@@H]1C(=O)N1CCC[C@H](C(N)=O)C1,False,True,False
A71EV2A-x4583b,CN1c2ccccc2C[C@@H]1C(=O)N1CCC[C@H](C(N)=O)C1,False,True,False
A71EV2A-x4586a,C[C@@H](C(=O)N1CCC[C@H](C(N)=O)C1)c1cccs1,False,True,False
A71EV2A-x4596a,NC(=O)[C@H]1CCC(=O)N(Cc2ccc3cc[nH]c3c2)C1,False,True,False
A71EV2A-x4596c,NC(=O)[C@H]1CCC(=O)N(Cc2ccc3cc[nH]c3c2)C1,False,True,True
A71EV2A-x4596b,NC(=O)[C@H]1CCC(=O)N(Cc2ccc3cc[nH]c3c2)C1,False,True,False
A71EV2A-x4606a,NC(=O)[C@H]1CCCN(C(=O)[C@@H]2SCc3cccnc32)C1,False,True,False
A71EV2A-x4606b,NC(=O)[C@H]1CCCN(C(=O)[C@@H]2SCc3cccnc32)C1,False,True,False
A71EV2A-x4608a,Cn1cc2c(n1)CCC[C@@H]2C(=O)N1CCC[C@H](C(N)=O)C1,False,True,False
A71EV2A-x4611a,NC(=O)[C@H]1CCC(=O)N(Cc2noc3ccccc23)C1,False,True,False
A71EV2A-x4611b,NC(=O)[C@H]1CCC(=O)N(Cc2noc3ccccc23)C1,False,True,False
A71EV2A-x4644a,NC(=O)[C@H]1CCCN(C(=O)Cc2ccc(F)c(F)c2Br)C1,False,True,False
A71EV2A-x4644b,NC(=O)[C@H]1CCCN(C(=O)Cc2ccc(F)c(F)c2Br)C1,False,True,False
A71EV2A-x4650a,NC(=O)[C@H]1CCCN(C(=O)Cc2ccccc2C(F)(F)F)C1,False,True,False
A71EV2A-x4654a,NC(=O)[C@H]1CCCN(C(=O)Nc2cccc3c2S(=O)(=O)CCC3)C1,False,True,False
A71EV2A-x4656a,NC(=O)[C@H]1CCCN(C(=O)Nc2ccccc2SC(F)F)C1,False,True,False
A71EV2A-x4661a,COc1ccccc1[C@H](C)N1C[C@@H](C(N)=O)CCC1=O,False,True,False
A71EV2A-x4669a,NC(=O)[C@H]1CCCN(C(=O)Cc2cc3c(cc2Cl)OCCO3)C1,False,True,False
A71EV2A-x4669b,NC(=O)[C@H]1CCCN(C(=O)Cc2cc3c(cc2Cl)OCCO3)C1,False,True,False
A71EV2A-x4670a,CSc1cccc(Br)c1CC(=O)N1CCC[C@H](C(N)=O)C1,False,True,False
A71EV2A-x4673a,NC(=O)[C@H]1CCCN(C(=O)Cc2cc3c(cc2Br)OCO3)C1,False,True,False
A71EV2A-x4673b,NC(=O)[C@H]1CCCN(C(=O)Cc2cc3c(cc2Br)OCO3)C1,False,True,False
A71EV2A-x4674a,NC(=O)[C@H]1CCCN(C(=O)Nc2cccc3c2SCCC3)C1,False,True,False
A71EV2A-x4674b,NC(=O)[C@H]1CCCN(C(=O)Nc2cccc3c2SCCC3)C1,False,True,False
A71EV2A-x4674c,NC(=O)[C@H]1CCCN(C(=O)Nc2cccc3c2SCCC3)C1,False,True,False
A71EV2A-x4675a,CS(=O)(=O)c1ccccc1CC(=O)N1CCC[C@H](C(N)=O)C1,False,True,False
A71EV2A-x4684a,CSc1ccccc1N(C)C(=O)N1CC[C@H](C(N)=O)C1,False,True,False
A71EV2A-x4689a,CSc1cnccc1CC(=O)N1CCC[C@H](C(N)=O)C1,False,True,False
A71EV2A-x4694a,CSc1ccccc1CN1C[C@H](C(N)=O)CCC1=O,False,True,False
A71EV2A-x4695a,CSc1ccccc1CN1C[C@@H](C(N)=O)CCC1=O,False,True,False
A71EV2A-x4701a,CSCC1(CC(=O)N2CCC[C@H](C(N)=O)C2)CC1,False,True,False
A71EV2A-x4703a,CSc1cn(C)nc1NC(=O)N1CCC[C@H](C(N)=O)C1,False,True,False
A71EV2A-x4706a,NC(=O)[C@H]1CCCN(C(=O)C2CCSCC2)C1,False,True,False
A71EV2A-x4707a,NC(=O)[C@H]1CCCN(C(=O)CC2CSC2)C1,False,True,False
A71EV2A-x4708a,NC(=O)[C@H]1CCCN(C(=O)C2(O)CCSCC2)C1,False,True,False
A71EV2A-x4710a,CSc1cccc(CN2C[C@H](C(N)=O)CCC2=O)c1,False,True,False
A71EV2A-x4711a,CSc1cccc(CN2C[C@@H](C(N)=O)CCC2=O)c1,False,True,False
A71EV2A-x4712a,CSc1ccccc1N(C)C(=O)N1CCC[C@H](C(N)=O)C1,False,True,False
A71EV2A-x4715a,CSc1ccccc1CC(=O)N1CC(O)C1,False,True,False
A71EV2A-x4715b,CSc1ccccc1CC(=O)N1CC(O)C1,False,True,False
A71EV2A-x4721a,CSc1ccccc1CC(=O)N1CCNC(=O)C1,False,True,False
A71EV2A-x4724a,CSc1ccccc1CC(=O)N1CCC(F)(F)[C@H](C(N)=O)C1,False,True,False
A71EV2A-x4727a,CSc1c(NC(=O)N2CCC[C@H](C(N)=O)C2)c(C)nn1C,False,True,False
A71EV2A-x4735a,CSc1ccccc1CC(=O)N1CCC[C@@H]1c1cnc[nH]1,False,True,False
A71EV2A-x4736a,CSC[C@@H]1C[C@@H]1C(=O)N1CCC[C@H](C(N)=O)C1,False,True,False
A71EV2A-x4739a,CSc1ccccc1CC(=O)N1CC[C@@H]2[C@H](C1)[C@H]2C(N)=O,False,True,False
A71EV2A-x4742a,NC(=O)[C@H]1CCCN(C(=O)[C@@H]2CCSc3ccccc32)C1,False,True,False
A71EV2A-x4742b,NC(=O)[C@H]1CCCN(C(=O)[C@@H]2CCSc3ccccc32)C1,False,True,False
A71EV2A-x4745a,CSc1ccccc1CC(=O)N1CCC[C@H](S(N)(=O)=O)C1,False,True,False
A71EV2A-x4746a,CSc1ccccc1CC(=O)N1CCC[C@H](C(F)F)C1,False,True,False
A71EV2A-x4748a,CSc1ccccc1CC(=O)N1CCO[C@H](C(N)=O)C1,False,True,False
A71EV2A-x4751a,CSc1ccccc1CC(=O)N1CCC[C@H](CF)C1,False,True,False
A71EV2A-x4752a,CSc1ccccc1CC(=O)N1CCc2nccc(O)c2C1,False,True,False
A71EV2A-x4753a,CSc1ccccc1CC(=O)N1CCC[C@](F)(C(N)=O)C1,False,True,False
A71EV2A-x4771a,CSc1ccccc1CC(=O)N1CCc2nc[nH]c(=O)c2C1,False,True,False
A71EV2A-x4774a,CSc1nccnc1CC(=O)N1CCC[C@H](C(N)=O)C1,False,True,False
A71EV2A-x4777a,COc1ccc(C(F)(F)F)cc1CC(=O)N1CCS[C@@H](C(N)=O)C1,False,True,False
A71EV2A-x4778a,COc1ccc(C(F)(F)F)cc1CC(=O)N1CCS[C@H](C(N)=O)C1,False,True,False
A71EV2A-x4784a,NC(=O)[C@H]1CCCN(C(=O)C[C@@H]2CSCCS2)C1,False,False,False
A71EV2A-x4786a,NC(=O)[C@H]1CCCN(C(=O)[C@@H]2CCSC2)C1,False,True,False
A71EV2A-x4791a,CSc1ccccc1CC(=O)N1CCC[C@H]2C(=O)NC[C@H]21,False,True,False
A71EV2A-x4794a,CSc1ccccc1CC(=O)N1CCC[C@H](O)C1,False,True,False
A71EV2A-x4798a,CSc1ccccc1CC(=O)N1CC[C@](O)(c2c[nH]nn2)C1,False,False,False
A71EV2A-x4806a,NC(=O)[C@H]1CCCN(C(=O)[C@H]2CSc3ccccc32)C1,False,True,False
A71EV2A-x4806b,NC(=O)[C@H]1CCCN(C(=O)[C@H]2CSc3ccccc32)C1,False,True,False
A71EV2A-x4809a,CSc1ccccc1CC(=O)N1CCC[C@H](CCO)C1,False,True,False
A71EV2A-x4812a,CSc1cncnc1CC(=O)N1CCC[C@H](C(N)=O)C1,False,True,False
A71EV2A-x4824a,CSc1ccccc1OC(=O)N1CCC[C@H](C(N)=O)C1,False,True,False
A71EV2A-x4824b,CSc1ccccc1OC(=O)N1CCC[C@H](C(N)=O)C1,False,True,False
A71EV2A-x4826a,CSc1ccncc1NC(=O)N1CCC[C@H](C(N)=O)C1,False,True,False
A71EV2A-x4826b,CSc1ccncc1NC(=O)N1CCC[C@H](C(N)=O)C1,False,True,False
A71EV2A-x4827a,CSc1ccncc1CC(=O)N1CCC[C@H](C(N)=O)C1,False,True,False
A71EV2A-x4827b,CSc1ccncc1CC(=O)N1CCC[C@H](C(N)=O)C1,False,True,False
A71EV2A-x4829a,COc1ccc(Cl)cc1OC(=O)N1CCC[C@H](C(N)=O)C1,False,True,False
A71EV2A-x4829b,COc1ccc(Cl)cc1OC(=O)N1CCC[C@H](C(N)=O)C1,False,True,False
A71EV2A-x4836a,CC(=O)N1c2ccccc2C[C@@H]1C(=O)N1CCC[C@H](C(N)=O)C1,False,True,False
A71EV2A-x4838a,NC(=O)[C@H]1CCN(C(=O)Cc2cc(C(F)(F)F)ccc2Cl)C1,False,True,False
A71EV2A-x4839a,Cn1ncc2ccc(CN3C[C@@H](C(N)=O)CCC3=O)cc21,False,True,False
A71EV2A-x4840a,NC(=O)c1ccccc1CC(=O)N1CCC[C@H](C(N)=O)C1,False,True,False
A71EV2A-x4843a,COc1ccc(C(F)(F)F)cc1N(C)C(=O)N1CCC[C@H](C(N)=O)C1,False,True,False
A71EV2A-x4845a,COc1cc(Br)c(CC(=O)N2CCC[C@H](C(N)=O)C2)cc1OC,False,True,False
A71EV2A-x4846a,CSc1ccccc1C(=O)N1CCC[C@H](C(N)=O)C1,False,True,False
A71EV2A-x4847a,NC(=O)[C@H]1CCC(=O)N(Cc2cccc3[nH]ccc23)C1,False,True,False
A71EV2A-x4851a,CSc1c(F)cccc1NC(=O)N1CCC[C@H](C(N)=O)C1,False,True,False
A71EV2A-x4855a,CSc1ccccc1NC(=O)N1CC[C@H](C(N)=O)C1,False,True,False
A71EV2A-x4856a,CSc1ccc(Br)cc1CC(=O)N1CC[C@H](C(N)=O)C1,False,True,False
A71EV2A-x4872a,NC(=O)[C@H]1CCCN(C(=O)CN2CCOc3ccc(Cl)cc32)C1,False,True,False
A71EV2A-x4873a,COc1cccc(NC(=O)N2CCC[C@H](C(N)=O)C2)c1Cl,False,True,False
A71EV2A-x4873b,COc1cccc(NC(=O)N2CCC[C@H](C(N)=O)C2)c1Cl,False,True,False
A71EV2A-x4874a,C[C@H](C(=O)N1CCC[C@H](C(N)=O)C1)c1ccn[nH]1,False,True,False
A71EV2A-x4874b,C[C@H](C(=O)N1CCC[C@H](C(N)=O)C1)c1ccn[nH]1,False,True,False
A71EV2A-x4877a,NC(=O)[C@H]1CCCN(C(=O)[C@H]2SCCc3sccc32)C1,False,True,False
A71EV2A-x4877b,NC(=O)[C@H]1CCCN(C(=O)[C@H]2SCCc3sccc32)C1,False,True,False
A71EV2A-x4880a,NC(=O)[C@H]1CCC(=O)N(Cc2ccc3[nH]ccc3c2)C1,False,True,False
A71EV2A-x4880b,NC(=O)[C@H]1CCC(=O)N(Cc2ccc3[nH]ccc3c2)C1,False,True,False
A71EV2A-x4882a,NC(=O)[C@H]1CCCN(C(=O)Cc2cc(F)c(F)cc2Br)C1,False,True,False
A71EV2A-x4882b,NC(=O)[C@H]1CCCN(C(=O)Cc2cc(F)c(F)cc2Br)C1,False,True,False
A71EV2A-x4883a,CSc1ncccc1NC(=O)N1CCC[C@H](C(N)=O)C1,False,True,False
A71EV2A-x4883b,CSc1ncccc1NC(=O)N1CCC[C@H](C(N)=O)C1,False,True,False
A71EV2A-x4885a,CSc1ccccc1CC(=O)N1C[C@@H](C)C[C@H](C(N)=O)C1,False,True,False
A71EV2A-x4885b,CSc1ccccc1CC(=O)N1C[C@@H](C)C[C@H](C(N)=O)C1,False,True,False
A71EV2A-x4894a,CSc1ccccc1CC(=O)N1CCC[C@](O)(C(N)=O)C1,False,True,False
A71EV2A-x4895a,C[C@H](C(=O)N1CCC[C@H](C(N)=O)C1)c1nc(F)ccc1Cl,False,True,False
A71EV2A-x4895b,C[C@H](C(=O)N1CCC[C@H](C(N)=O)C1)c1nc(F)ccc1Cl,False,True,False
A71EV2A-x4899a,COc1ncccc1NS(=O)(=O)N1CCC[C@H](C(N)=O)C1,False,True,False
A71EV2A-x4899b,COc1ncccc1NS(=O)(=O)N1CCC[C@H](C(N)=O)C1,False,True,False
A71EV2A-x4903a,COc1ccc(Cl)cc1OC(=O)N1CCC[C@H](C(N)=O)C1,False,True,False
A71EV2A-x4903b,COc1ccc(Cl)cc1OC(=O)N1CCC[C@H](C(N)=O)C1,False,True,False
A71EV2A-x4908a,NC(=O)[C@H]1CCCN(C(=O)Cc2cccc3ccoc23)C1,False,True,False
A71EV2A-x4914a,CSc1cccnc1CC(=O)N1CCC[C@H](C(N)=O)C1,False,True,False
A71EV2A-x4918a,CSc1ncccc1CC(=O)N1CCC[C@H](C(N)=O)C1,False,True,False
A71EV2A-x4921a,NC(=O)[C@H]1CCC(=O)N(Cc2cccc(Cl)c2)C1,False,True,False
A71EV2A-x4922a,CSc1ccccc1N1C[C@@H](C(N)=O)CCC1=O,False,True,False
A71EV2A-x4924a,NC(=O)[C@H]1CCC(=O)N(Cc2cccc(F)c2)C1,False,True,False
A71EV2A-x4926a,Cc1nc2c(CN3C[C@@H](C(N)=O)CCC3=O)c(F)ccc2[nH]1,False,True,False
A71EV2A-x4928a,Cc1cccc(CN2C[C@@H](C(N)=O)CCC2=O)c1,False,True,False
A71EV2A-x4934a,NC(=O)[C@H]1CCC(=O)N(Cc2ccccc2-c2cccnc2)C1,False,True,False
A71EV2A-x4963a,COC[C@]12C[C@](C(N)=O)(CN1C(=O)Cc1ccccc1OC)C2,False,True,False
A71EV2A-x4963b,COC[C@]12C[C@](C(N)=O)(CN1C(=O)Cc1ccccc1OC)C2,False,True,False
A71EV2A-x4967a,COc1ccncc1CC(=O)N1C[C@@H](C(N)=O)C[C@@H]2CCCC[C@H]21,False,True,False
A71EV2A-x4967b,COc1ccncc1CC(=O)N1C[C@@H](C(N)=O)C[C@@H]2CCCC[C@H]21,False,True,False
A71EV2A-x4967c,COc1ccncc1CC(=O)N1C[C@@H](C(N)=O)C[C@@H]2CCCC[C@H]21,False,True,False
A71EV2A-x4974a,Cn1ncc2ccc(CN3C[C@H](C(N)=O)CCC3=O)cc21,False,True,False
A71EV2A-x4977a,CSc1ccc2ncccc2c1NC(=O)N1CCC[C@H](C(N)=O)C1,False,True,False
A71EV2A-x4977b,CSc1ccc2ncccc2c1NC(=O)N1CCC[C@H](C(N)=O)C1,False,True,False
A71EV2A-x4979a,NC(=O)[C@H]1CCCN(C(=O)Cc2ncncc2Cl)C1,False,True,False
A71EV2A-x4979b,NC(=O)[C@H]1CCCN(C(=O)Cc2ncncc2Cl)C1,False,True,False
A71EV2A-x4980a,Cn1ncc2ccc(CN3C[C@@H](C(N)=O)CCC3=O)cc21,False,True,False
A71EV2A-x4986a,CSc1ccc(N2CCCC2=O)cc1NC(=O)N1CCC[C@H](C(N)=O)C1,False,True,False
A71EV2A-x4986b,CSc1ccc(N2CCCC2=O)cc1NC(=O)N1CCC[C@H](C(N)=O)C1,False,True,False
A71EV2A-x4935a,CSc1cscc1CC(=O)N1CCC[C@H](C(N)=O)C1,False,True,False
A71EV2A-x4940a,CSc1ccccc1CC(=O)N1CCC[C@](O)(C(N)=O)C1,False,True,False
A71EV2A-x4943a,NC(=O)[C@H]1CCCN(C(=O)[C@H]2CCSc3ccccc32)C1,False,True,False
A71EV2A-x4943b,NC(=O)[C@H]1CCCN(C(=O)[C@H]2CCSc3ccccc32)C1,False,True,False
A71EV2A-x4947a,CSc1ccccc1CC(=O)N1C[C@@H]2C[C@]2(C(N)=O)C1,False,True,False
A71EV2A-x4949a,CSc1cc2c(cc1NC(=O)N1CCC[C@H](C(N)=O)C1)CCC(=O)N2,False,True,False
A71EV2A-x4954a,CCc1ccsc1CN1C[C@@H](C(N)=O)CCC1=O,False,True,False
A71EV2A-x4959a,NC(=O)[C@H]1CCCN(C(=O)Nc2ccccc2SC2CC2)C1,False,True,False
A71EV2A-x4959b,NC(=O)[C@H]1CCCN(C(=O)Nc2ccccc2SC2CC2)C1,False,True,False
A71EV2A-x4992a,Cn1cc(CC(=O)N2C[C@@H](C(N)=O)C[C@H]3C[C@H]32)cn1,False,True,False
A71EV2A-x4994a,Cn1nc(CC(=O)N2CC(C(N)=O)C2)c2ccccc21,False,True,False
A71EV2A-x4998a,CSc1cscc1CC(=O)N1CC(C(N)=O)C1,False,True,False
A71EV2A-x4998b,CSc1cscc1CC(=O)N1CC(C(N)=O)C1,False,True,False
A71EV2A-x5015a,C=Cc1cccc(CC(=O)N2CCC[C@H](C(N)=O)C2)n1,False,True,False
A71EV2A-x5015b,C=Cc1cccc(CC(=O)N2CCC[C@H](C(N)=O)C2)n1,False,True,False
A71EV2A-x5016a,C=Cc1ncccc1CC(=O)N1CCC[C@H](C(N)=O)C1,False,True,False
A71EV2A-x5022a,CSc1nc2c(cc1NC(=O)N1CCC[C@H](C(N)=O)C1)CCCC2,False,True,False
A71EV2A-x5022b,CSc1nc2c(cc1NC(=O)N1CCC[C@H](C(N)=O)C1)CCCC2,False,True,False
A71EV2A-x5028a,CSc1ccccc1CC(=O)N1CC[C@H](CC(N)=O)C1,False,True,False
A71EV2A-x5036a,COc1cccc(CN2C[C@@H](C(N)=O)CCC2=O)c1,False,True,False
A71EV2A-x5036b,COc1cccc(CN2C[C@@H](C(N)=O)CCC2=O)c1,False,True,False
A71EV2A-x5039a,CSc1ncncc1CC(=O)N1CCC[C@H](C(N)=O)C1,False,True,False
A71EV2A-x5039b,CSc1ncncc1CC(=O)N1CCC[C@H](C(N)=O)C1,False,True,False
A71EV2A-x5052a,NC(=O)[C@@H]1CCC(=O)N([C@@H]2CCCc3ccccc32)C1,False,True,False
A71EV2A-x5065a,CSc1ccccc1CCN1C[C@@H](C(N)=O)CC1=O,False,True,False
A71EV2A-x5073a,NC(=O)[C@H]1CCC(=O)N([C@@H]2CCCc3ccccc32)C1,False,True,False
A71EV2A-x5079a,NC(=O)[C@H]1CCCN(C(=O)Cc2cccnc2Cl)C1,False,True,False
A71EV2A-x5079b,NC(=O)[C@H]1CCCN(C(=O)Cc2cccnc2Cl)C1,False,True,False
A71EV2A-x5081a,NC(=O)[C@H]1CCCN(C(=O)Cc2cncnc2Cl)C1,False,True,False
A71EV2A-x5081b,NC(=O)[C@H]1CCCN(C(=O)Cc2cncnc2Cl)C1,False,True,False
A71EV2A-x5082a,N#Cc1cccc(CC(=O)N2CCC[C@H](C(N)=O)C2)n1,False,True,False
A71EV2A-x5082b,N#Cc1cccc(CC(=O)N2CCC[C@H](C(N)=O)C2)n1,False,True,False
A71EV2A-x5090a,Cn1cc(NS(=O)(=O)N2CCC[C@H](C(N)=O)C2)cn1,False,True,False
A71EV2A-x5091a,Cc1cccc(N(C)C(=O)N2CC[C@H](C(N)=O)C2)c1,False,True,False
A71EV2A-x5104a,CSc1ccccc1CC(=O)N1C[C@H](C)C[C@H](C(N)=O)C1,False,True,False
A71EV2A-x5106a,Cn1ccnc1[C@@H](c1ccccc1)N1C[C@@H](C(N)=O)CC1=O,False,True,False
A71EV2A-x5150a,Cn1cc(NS(=O)(=O)N2CCC[C@H](C(N)=O)C2)cn1,False,True,False
A71EV2A-x5151a,NC(=O)[C@H]1CCCN(C(=O)Cc2cccc3c2SCC3)C1,False,True,False
A71EV2A-x5171a,CSc1ccccc1CC(=O)N1C[C@H](C(N)=O)C[C@H](C(N)=O)C1,False,True,False
A71EV2A-x5171b,CSc1ccccc1CC(=O)N1C[C@H](C(N)=O)C[C@H](C(N)=O)C1,False,True,False
A71EV2A-x5177a,CSc1ccccc1CC(=O)N1C[C@@H](C(N)=O)C[C@H]2C[C@H]21,False,True,False
A71EV2A-x5182a,CSc1ccncc1NS(=O)(=O)N1CCC[C@H](C(N)=O)C1,False,True,False
A71EV2A-x5200a,CSc1ccccc1CC(=O)N1C[C@H](C)C[C@H](C(N)=O)C1,False,True,False
A71EV2A-x5203a,CSc1ccc(Br)cc1CC(=O)N1CCC[C@H](C(N)=O)CC1,False,True,False
A71EV2A-x5203b,CSc1ccc(Br)cc1CC(=O)N1CCC[C@H](C(N)=O)CC1,False,True,False
A71EV2A-x5210a,NC(=O)[C@H]1CCC(=O)N([C@H]2CCCc3ccccc32)C1,False,True,False
A71EV2A-x5210b,NC(=O)[C@H]1CCC(=O)N([C@H]2CCCc3ccccc32)C1,False,True,False
A71EV2A-x5212a,N#Cc1ncncc1CC(=O)N1CCC[C@H](C(N)=O)C1,False,True,False
A71EV2A-x5213a,NC(=O)[C@H]1CCCN(C(=O)Cc2ccnc(Cl)n2)C1,False,True,False
A71EV2A-x5213b,NC(=O)[C@H]1CCCN(C(=O)Cc2ccnc(Cl)n2)C1,False,True,False
A71EV2A-x5219a,C[C@@H]1CCCC[C@H]1OC(=O)N1CCC[C@H](C(N)=O)C1,False,True,False
A71EV2A-x5219b,C[C@@H]1CCCC[C@H]1OC(=O)N1CCC[C@H](C(N)=O)C1,False,True,False
A71EV2A-x5221a,NC(=O)[C@H]1CCCN(C(=O)Cc2cccc3ncsc23)C1,False,True,False
A71EV2A-x5222a,Cc1[nH]c2cc(C#N)ccc2c1CCN1C[C@@H](C(N)=O)CCC1=O,False,True,False
A71EV2A-x5226a,CNC(=O)c1oc2ccccc2c1CN1C[C@@H](C(N)=O)CCC1=O,False,True,False
A71EV2A-x5231a,CS[C@@H]1CCCC[C@H]1OC(=O)N1CCC[C@H](C(N)=O)C1,False,True,False
A71EV2A-x5247a,CSc1ccc(Br)cc1CC(=O)N1C[C@H](C(N)=O)CC[C@H]1C,False,True,False
A71EV2A-x5247b,CSc1ccc(Br)cc1CC(=O)N1C[C@H](C(N)=O)CC[C@H]1C,False,True,False
A71EV2A-x5249a,CSc1cccc2c1N(C(=O)N1CCC[C@H](C(N)=O)C1)CCCO2,False,True,False
A71EV2A-x5255a,Cc1ccccc1CC(=O)N1C[C@H]2C[C@@](C(N)=O)(C1)C2,False,True,False
A71EV2A-x5258a,Cn1ccnc1[C@@H](c1ccccc1)N1C[C@@H](C(N)=O)CC1=O,False,True,False
A71EV2A-x5261a,CSc1ccc2cnccc2c1NC(=O)N1CCC[C@H](C(N)=O)C1,False,True,False
A71EV2A-x5262a,CSc1ccccc1CC(=O)N1C[C@H]2C[C@]1(CC(N)=O)C2,False,True,False
A71EV2A-x5262b,CSc1ccccc1CC(=O)N1C[C@H]2C[C@]1(CC(N)=O)C2,False,True,False
A71EV2A-x5268a,CSc1ccccc1CC(=O)N1C[C@H](C)C[C@H](C(N)=O)C1,False,True,False
A71EV2A-x5276a,CSc1ccc(C2CC2)cc1CC(=O)N1CCC[C@H](C(N)=O)C1,False,True,False
A71EV2A-x5277a,NC(=O)[C@]12CN(C(=O)Cc3ccccc3Cl)C[C@H](C1)C2,False,True,False
A71EV2A-x5278a,COc1ccc(Cl)cc1NS(=O)(=O)N1CCC[C@H](C(N)=O)C1,False,True,False
A71EV2A-x5283a,CSc1ccc2scnc2c1NC(=O)N1CCC[C@H](C(N)=O)C1,False,True,False
A71EV2A-x5283b,CSc1ccc2scnc2c1NC(=O)N1CCC[C@H](C(N)=O)C1,False,True,False
A71EV2A-x5288a,CCCSc1cccc(OC)c1NC(=O)N1CCC[C@H](C(N)=O)C1,False,True,False
A71EV2A-x5288b,CCCSc1cccc(OC)c1NC(=O)N1CCC[C@H](C(N)=O)C1,False,True,False
A71EV2A-x5289a,COc1cccc(SC(C)C)c1NC(=O)N1CCC[C@H](C(N)=O)C1,False,True,False
A71EV2A-x5289b,COc1cccc(SC(C)C)c1NC(=O)N1CCC[C@H](C(N)=O)C1,False,True,False
A71EV2A-x5317a,CNC(=O)[C@@H](c1cccc(C)c1)N1C[C@@H](C(N)=O)CC1=O,False,True,False
A71EV2A-x5339a,CSc1ccc(Br)cc1CC(=O)N1C[C@H](C(N)=O)CC[C@@H]1C,False,True,False
A71EV2A-x5339b,CSc1ccc(Br)cc1CC(=O)N1C[C@H](C(N)=O)CC[C@@H]1C,False,True,False
A71EV2A-x5351a,NC(=O)[C@H]1CCCN(C(=O)OC2CCCCC2)C1,False,True,False
A71EV2A-x5359a,C=Cc1ccccc1CS(=O)(=O)N1CCC[C@H](C(N)=O)C1,False,True,False
A71EV2A-x5359b,C=Cc1ccccc1CS(=O)(=O)N1CCC[C@H](C(N)=O)C1,False,False,True
A71EV2A-x5366a,CSc1ccc(Br)cc1CC(=O)N1C[C@@H](C(N)=O)CC[C@H]1C,False,True,False
A71EV2A-x5366b,CSc1ccc(Br)cc1CC(=O)N1C[C@@H](C(N)=O)CC[C@H]1C,False,True,False
A71EV2A-x5381a,CC[C@@H](c1cccc2cc[nH]c12)N1C[C@@H](C(N)=O)CCC1=O,False,True,False
A71EV2A-x5381b,CC[C@@H](c1cccc2cc[nH]c12)N1C[C@@H](C(N)=O)CCC1=O,False,True,False
A71EV2A-x5383a,CSc1ccccc1[C@@H](NC(C)=O)C(=O)N1CC[C@H](C(N)=O)C1,False,True,False
A71EV2A-x5387a,CSc1ccccc1CC(=O)N1C[C@@H](O)C[C@H](C(N)=O)C1,False,True,False
A71EV2A-x5387b,CSc1ccccc1CC(=O)N1C[C@@H](O)C[C@H](C(N)=O)C1,False,True,False
A71EV2A-x5388a,CSc1ccc(Br)cc1CC(=O)N1CC[C@](O)(C(N)=O)C1,False,True,False
A71EV2A-x5389a,COc1cccc2c1N(C(=O)N1CCC[C@H](C(N)=O)C1)CCS2,False,True,False
A71EV2A-x5393a,Cc1ccccc1CC(=O)N1CCC[C@H](C(N)=O)C1,False,True,False
A71EV2A-x5394a,NC(=O)[C@H]1CCCN(C(=O)Cc2ccccc2Cl)C1,False,True,False
A71EV2A-x5394b,NC(=O)[C@H]1CCCN(C(=O)Cc2ccccc2Cl)C1,False,True,False
A71EV2A-x5398a,COC[C@]1(C)C[C@H](C(N)=O)CN1C(=O)Cc1cc(Br)ccc1SC,False,True,False
A71EV2A-x5401a,NC(=O)[C@H]1CCCN(C(=O)Oc2ccccc2)C1,False,True,False
A71EV2A-x5402a,NC(=O)[C@H]1CCCN(C(=O)Oc2ccccc2F)C1,False,True,False
A71EV2A-x5403a,CSc1ccc(SC(C)(C)C)cc1CC(=O)N1CCC[C@H](C(N)=O)C1,False,True,False
A71EV2A-x5409a,NC(=O)CC1CCN(C(=O)c2cccc(F)c2)CC1,False,True,False
A71EV2A-x5409b,NC(=O)CC1CCN(C(=O)c2cccc(F)c2)CC1,False,True,False
A71EV2A-x5424a,Cc1ccc(CC(=O)N2CCC[C@H](C(N)=O)C2)s1,False,True,False
A71EV2A-x5424b,Cc1ccc(CC(=O)N2CCC[C@H](C(N)=O)C2)s1,False,True,False
A71EV2A-x5425a,NC(=O)[C@H]1CCCN(C(=O)Cc2ccsc2)C1,False,True,False
A71EV2A-x5425b,NC(=O)[C@H]1CCCN(C(=O)Cc2ccsc2)C1,False,True,False
A71EV2A-x5427a,NC(=O)[C@H]1CCN(C(=O)Cc2c(Cl)cccc2Cl)C1,False,True,False
A71EV2A-x5431a,NC(=O)[C@H]1CCN(C(=O)[C@@H]2SCCc3sccc32)C1,False,True,False
A71EV2A-x5431b,NC(=O)[C@H]1CCN(C(=O)[C@@H]2SCCc3sccc32)C1,False,True,True
A71EV2A-x5448a,N#Cc1nccc(CC(=O)N2CCC[C@H](C(N)=O)C2)n1,False,True,False
A71EV2A-x5449a,CSc1ccc(S(C)(=O)=O)cc1CC(=O)N1CCC[C@H](C(N)=O)C1,False,True,False
A71EV2A-x5449b,CSc1ccc(S(C)(=O)=O)cc1CC(=O)N1CCC[C@H](C(N)=O)C1,False,True,False
A71EV2A-x5452a,CSc1ccc2c(c1)[C@@H](C(=O)N1CCC[C@H](C(N)=O)C1)CCO2,False,True,False
A71EV2A-x5452b,CSc1ccc2c(c1)[C@@H](C(=O)N1CCC[C@H](C(N)=O)C1)CCO2,False,True,False
A71EV2A-x5460a,NC(=O)[C@H]1CCC(=O)N(c2cccc3ccccc23)C1,False,True,False
A71EV2A-x5461a,CSc1ccccc1[C@@H]([NH3+])C(=O)N1CC[C@H](C(N)=O)C1,False,True,False
A71EV2A-x5462a,Cc1cccc2cccc(N3C[C@@H](C(N)=O)CCC3=O)c12,False,True,False
A71EV2A-x5466a,C#Cc1ccc(C)c(OC(=O)N2CCC[C@H](C(N)=O)C2)c1,False,True,False
A71EV2A-x5475a,CSc1ccc2c(c1)[C@H](C(=O)N1CCC[C@H](C(N)=O)C1)CCO2,False,True,False
A71EV2A-x5475b,CSc1ccc2c(c1)[C@H](C(=O)N1CCC[C@H](C(N)=O)C1)CCO2,False,True,False
A71EV2A-x5479a,Cc1ccc2cccnc2c1OC(=O)N1CCC[C@H](C(N)=O)C1,False,True,False
A71EV2A-x5482a,Cc1cc2sccc2c(Cl)c1OC(=O)N1CCC[C@H](C(N)=O)C1,False,True,False
A71EV2A-x5488a,COC[C@H]1CC[C@H](C(N)=O)CN1C(=O)Cc1ccccc1SC,False,True,False
A71EV2A-x5489a,N#Cc1ccccc1CC(=O)N1CCC[C@H](C(N)=O)C1,False,True,False
A71EV2A-x5489b,N#Cc1ccccc1CC(=O)N1CCC[C@H](C(N)=O)C1,False,True,False
A71EV2A-x5494a,CSc1ccc(Br)cc1CC(=O)N1CCC[C@H](C(N)=O)[C@@H]1C,False,True,False
A71EV2A-x5497a,CN(C)C(=O)[C@@H](c1ccccc1)N1C[C@@H](C(N)=O)CC1=O,False,True,False
A71EV2A-x5509a,CSc1ccc(-c2ccncc2)cc1CC(=O)N1CCC[C@H](C(N)=O)C1,False,True,False
A71EV2A-x5512a,CSc1ccc(C(=O)Nc2ccncc2)cc1CC(=O)N1CCC[C@H](C(N)=O)C1,False,True,False
A71EV2A-x5512b,CSc1ccc(C(=O)Nc2ccncc2)cc1CC(=O)N1CCC[C@H](C(N)=O)C1,False,True,False
A71EV2A-x5525a,CSc1ccc(-c2cc[nH]n2)cc1CC(=O)N1CCC[C@H](C(N)=O)C1,False,True,False
A71EV2A-x5525b,CSc1ccc(-c2cc[nH]n2)cc1CC(=O)N1CCC[C@H](C(N)=O)C1,False,True,False
A71EV2A-x5526a,CSc1ccc(-c2ccccc2)cc1CC(=O)N1CCC[C@H](C(N)=O)C1,False,True,False
A71EV2A-x5533a,CSc1ccc(OC2CC2)cc1NC(=O)N1CCC[C@H](C(N)=O)C1,False,True,False
A71EV2A-x5539a,CCSc1ccccc1OC(=O)N1CCC[C@H](C(N)=O)C1,False,True,False
A71EV2A-x5539b,CCSc1ccccc1OC(=O)N1CCC[C@H](C(N)=O)C1,False,True,False
A71EV2A-x5544a,CSc1ncnc(-c2cn[nH]c2)c1CC(=O)N1CCC[C@H](C(N)=O)C1,False,True,False
A71EV2A-x5550a,NC(=O)[C@H]1CCCN(C(=O)[C@H]2CC[C@H]2c2ccc(Cl)cc2)C1,False,True,False
A71EV2A-x5556a,C[C@@H](c1ccc(Cl)c(Br)c1)N1C[C@@H](C(N)=O)CCC1=O,False,True,False
A71EV2A-x5559a,N#Cc1ccc(Br)cc1OC(=O)N1CCC[C@H](C(N)=O)C1,False,True,False
A71EV2A-x5570a,NC(=O)[C@H]1CCN(C(=O)[C@@H]2CSc3ccccc32)C1,False,True,False
A71EV2A-x5572a,Cc1ccc2ccccc2c1N1C[C@@H](C(N)=O)CCC1=O,False,True,False
A71EV2A-x5576a,NC(=O)[C@H]1CCCN(C(=O)Oc2ccccc2N2CCCCC2)C1,False,True,False
A71EV2A-x5576b,NC(=O)[C@H]1CCCN(C(=O)Oc2ccccc2N2CCCCC2)C1,False,True,False
A71EV2A-x5581a,CSc1ncnc(SC)c1CC(=O)N1CCC[C@H](C(N)=O)C1,False,True,False
A71EV2A-x5584a,CN1CCc2cc(F)c(OC(=O)N3CCC[C@H](C(N)=O)C3)cc2C1,False,True,False
A71EV2A-x5584b,CN1CCc2cc(F)c(OC(=O)N3CCC[C@H](C(N)=O)C3)cc2C1,False,True,False
A71EV2A-x5594a,N#Cc1ccncc1OC(=O)N1CCC[C@H](C(N)=O)C1,False,True,False
A71EV2A-x5594b,N#Cc1ccncc1OC(=O)N1CCC[C@H](C(N)=O)C1,False,True,False
A71EV2A-x5598a,CSc1ccc(N2CCOCC2)cc1NC(=O)N1CCC[C@H](C(N)=O)C1,False,True,False
A71EV2A-x5598b,CSc1ccc(N2CCOCC2)cc1NC(=O)N1CCC[C@H](C(N)=O)C1,False,True,False
A71EV2A-x5599a,Cc1ccc2c(c1OC(=O)N1CCC[C@H](C(N)=O)C1)CCC2,False,True,False
A71EV2A-x5599b,Cc1ccc2c(c1OC(=O)N1CCC[C@H](C(N)=O)C1)CCC2,False,True,False
A71EV2A-x5604a,CSc1ccc(-n2cccn2)cc1CC(=O)N1CCC[C@H](C(N)=O)C1,False,True,False
A71EV2A-x5608a,NC(=O)[C@H]1CCC(=O)N(Cc2ccsc2)C1,False,True,False
A71EV2A-x5608b,NC(=O)[C@H]1CCC(=O)N(Cc2ccsc2)C1,False,True,False
A71EV2A-x5635a,NC(=O)[C@H]1CCC(=O)N(Cc2cc(F)cnc2C(F)(F)F)C1,False,True,False
A71EV2A-x5635b,NC(=O)[C@H]1CCC(=O)N(Cc2cc(F)cnc2C(F)(F)F)C1,False,True,False
A71EV2A-x5665a,NC(=O)[C@H]1CCC(=O)N([C@@H](CC(F)(F)F)c2cc(Cl)cc(Cl)c2)C1,False,True,False
A71EV2A-x5666a,CSc1ncnc(N2CCc3ccsc3C2)c1CC(=O)N1CCC[C@H](C(N)=O)C1,False,True,False
A71EV2A-x5673a,C[C@@H](c1cccc(Cl)c1F)N1C[C@@H](C(N)=O)CCC1=O,False,True,False
A71EV2A-x5676a,CC[C@@H](c1ccc(Cl)c(Cl)c1)N1C[C@@H](C(N)=O)CCC1=O,False,True,False
A71EV2A-x5687a,CSc1cccc2c1[C@H](C(=O)N1CCC[C@H](C(N)=O)C1)CC2,False,True,False
A71EV2A-x5699a,CC[C@@H](c1cc(F)cc(Br)c1)N1C[C@@H](C(N)=O)CCC1=O,False,True,False
A71EV2A-x5705a,NC(=O)[C@H]1CCN(C(=O)[C@@H]2CCCN2C(=O)c2cccs2)C1,False,True,False
A71EV2A-x5705b,NC(=O)[C@H]1CCN(C(=O)[C@@H]2CCCN2C(=O)c2cccs2)C1,False,True,False
A71EV2A-x5721a,Cn1ncc2ccc(CN3C[C@@H](C(N)=O)CC(C)(C)C3=O)cc21,False,True,False
A71EV2A-x5721b,Cn1ncc2ccc(CN3C[C@@H](C(N)=O)CC(C)(C)C3=O)cc21,False,True,False
A71EV2A-x5727a,Cc1ccc([C@H](c2nccn2C)N2C[C@@H](C(N)=O)CCC2=O)cc1,False,True,False
A71EV2A-x5728a,NC(=O)[C@H]1CCN(C(=O)[C@@H]2CCOc3ccc(Cl)cc32)C1,False,True,False
A71EV2A-x5744a,C[C@@H](c1ccc2[nH]ncc2c1)N1C[C@@H](C(N)=O)CCC1=O,False,True,False
A71EV2A-x5747a,C#C[C@@H]1CCCC[C@H]1OC(=O)N1CCC[C@H](C(N)=O)C1,False,True,False
A71EV2A-x5753a,CCn1ncc2c1C[C@@H](C(=O)N1CC[C@H](C(N)=O)C1)CC2,False,True,False
A71EV2A-x5758a,CSc1ccc(Br)cc1CC(=O)N1[C@H]2CC[C@H](C(N)=O)[C@@H]1CC2,False,True,False
A71EV2A-x5758b,CSc1ccc(Br)cc1CC(=O)N1[C@H]2CC[C@H](C(N)=O)[C@@H]1CC2,False,True,False
A71EV2A-x5764a,NC(=O)[C@H]1CCN(C(=O)[C@@H]2CCc3cccc(Br)c32)C1,False,True,False
A71EV2A-x5764b,NC(=O)[C@H]1CCN(C(=O)[C@@H]2CCc3cccc(Br)c32)C1,False,True,False
A71EV2A-x5766a,C[C@H]1CC(=O)N(Cc2ccc3cnn(C)c3c2)C[C@H]1C(N)=O,False,True,False
A71EV2A-x5777a,C[C@@H]1CC(=O)N(Cc2ccc3cnn(C)c3c2)C[C@H]1C(N)=O,False,True,False
A71EV2A-x5777b,C[C@@H]1CC(=O)N(Cc2ccc3cnn(C)c3c2)C[C@H]1C(N)=O,False,True,False
A71EV2A-x5779a,NC(=O)[C@H]1CCN(C(=O)Cn2cc(Br)cc(Cl)c2=O)C1,False,True,False
A71EV2A-x5788a,CSc1cccc(-n2ccnc2)c1CC(=O)N1CCC[C@H](C(N)=O)C1,False,True,False
A71EV2A-x5793a,NC(=O)[C@H]1CCCN(C(=O)Nc2ccccc2Cl)C1,False,True,False
A71EV2A-x5793b,NC(=O)[C@H]1CCCN(C(=O)Nc2ccccc2Cl)C1,False,True,False
A71EV2A-x5798a,NC(=O)[C@H]1C[C@H]2C[C@H]2N(C(=O)Cc2ccccc2Cl)C1,False,True,False
A71EV2A-x5798b,NC(=O)[C@H]1C[C@H]2C[C@H]2N(C(=O)Cc2ccccc2Cl)C1,False,True,False
A71EV2A-x5802a,NC(=O)[C@H]1C[C@@H]2C[C@@H]2N(C(=O)Cc2ccccc2Cl)C1,False,True,False
A71EV2A-x5802b,NC(=O)[C@H]1C[C@@H]2C[C@@H]2N(C(=O)Cc2ccccc2Cl)C1,False,True,False
A71EV2A-x5808a,CSc1ncnc(N2CC(c3nncn3C)C2)c1CC(=O)N1CCC[C@H](C(N)=O)C1,False,True,False
A71EV2A-x5808b,CSc1ncnc(N2CC(c3nncn3C)C2)c1CC(=O)N1CCC[C@H](C(N)=O)C1,False,True,False
A71EV2A-x5819a,CSc1ccc(Br)cc1OC(=O)N1C[C@H](C(N)=O)CC[C@@H]1C,False,True,False
A71EV2A-x5819b,CSc1ccc(Br)cc1OC(=O)N1C[C@H](C(N)=O)CC[C@@H]1C,False,True,False
A71EV2A-x5822a,NC(=O)[C@H]1CCN(C(=O)C2(c3ccc4c(c3)OCO4)CCOCC2)C1,False,True,False
A71EV2A-x5824a,NC(=O)[C@H]1CCN(C(=O)Cn2c(=O)sc3ccc(Cl)cc32)C1,False,True,False
A71EV2A-x5824b,NC(=O)[C@H]1CCN(C(=O)Cn2c(=O)sc3ccc(Cl)cc32)C1,False,True,False
A71EV2A-x5830a,CSc1ccc(Br)cc1OC(=O)N1C[C@@H](C(N)=O)C[C@@H]2C[C@@H]21,False,True,False
A71EV2A-x5833a,CSc1ccc(-n2ccnc2)cc1CC(=O)N1CCC[C@H](C(N)=O)C1,False,True,False
A71EV2A-x5836a,CSc1ccc(-c2cn[nH]c2)cc1CC(=O)N1C[C@@H](C([NH3+])=O)C[C@@H]2C[C@@H]21,False,True,False
A71EV2A-x5850a,CSc1cccc2c1[C@@H](C(=O)N1CCC[C@H](C(N)=O)C1)CCC2,False,True,False
A71EV2A-x5854a,CSc1ccc2ncccc2c1NC(=O)N1C[C@@H](C(N)=O)C[C@@H]2C[C@@H]21,False,True,False
A71EV2A-x5857a,CSc1cccc(-c2ccc(C(F)(F)F)o2)c1CC(=O)N1CCC[C@H](C(N)=O)C1,False,True,False
A71EV2A-x5864a,CSc1ccc(-c2csc(C(F)F)c2)cc1CC(=O)N1CCC[C@H](C(N)=O)C1,False,True,False
A71EV2A-x5868a,CC(C)[C@@H](c1cc(Cl)cc(Br)c1)N1C[C@@H](C(N)=O)CCC1=O,False,True,False
A71EV2A-x5877a,COc1ncc(-c2ccc(SC)c(CC(=O)N3CCC[C@H](C(N)=O)C3)c2)cc1C#N,False,True,False
A71EV2A-x5879a,CSc1ccc(-c2cc(C)c(=O)n(C)c2)cc1CC(=O)N1CCC[C@H](C(N)=O)C1,False,True,False
A71EV2A-x5879b,CSc1ccc(-c2cc(C)c(=O)n(C)c2)cc1CC(=O)N1CCC[C@H](C(N)=O)C1,False,True,False
A71EV2A-x5884a,CSc1cccc(-c2ccc(C(F)(F)F)cc2C#N)c1CC(=O)N1CCC[C@H](C(N)=O)C1,False,True,False
A71EV2A-x5891a,CSc1ccc(Br)cc1[C@@H](NC(=O)OC(C)(C)C)C(=O)N1CC[C@H](C(N)=O)C1,False,True,False
A71EV2A-x5894a,C[C@@H](c1nccc2ccccc12)N1C[C@@H](C(N)=O)CCC1=O,False,True,False
A71EV2A-x5898a,Cn1ccnc1[C@@H](c1ccccc1)[N@H+]1C[C@H]2C[C@@](C(N)=O)(C1)C2,False,True,False
A71EV2A-x5949a,CN(C)c1cccc2c1C[C@@H](C(=O)N1CC[C@H](C(N)=O)C1)S2,False,True,False
A71EV2A-x5992a,CSc1ccccc1CC(=O)N1C[C@@H](C(N)=O)CC[C@@H]1CO,False,True,False
A71EV2A-x5992b,CSc1ccccc1CC(=O)N1C[C@@H](C(N)=O)CC[C@@H]1CO,False,True,False
A71EV2A-x5995a,CSc1cccc2c1[C@H](C(=O)N1CCC[C@H](C(N)=O)C1)CCC2,False,True,False
A71EV2A-x5995b,CSc1cccc2c1[C@H](C(=O)N1CCC[C@H](C(N)=O)C1)CCC2,False,True,False
A71EV2A-x6021a,CNc1ncnc(SC)c1CC(=O)N1CCC[C@H](C(N)=O)C1,False,True,False
A71EV2A-x6025a,CSc1ccc(-c2cccc3cnn(C)c23)cc1CC(=O)N1CCC[C@H](C(N)=O)C1,False,True,False
A71EV2A-x6027a,C=C(C)c1cccc(SC)c1CC(=O)N1CCC[C@H](C(N)=O)C1,False,True,False
A71EV2A-x6028a,CSc1cccc(-c2cn(C)c(=O)c3ccccc23)c1CC(=O)N1CCC[C@H](C(N)=O)C1,False,True,False
A71EV2A-x6032a,CSc1ccc(-c2cncc(C)c2C)cc1CC(=O)N1CCC[C@H](C(N)=O)C1,False,True,False
A71EV2A-x6035a,CSc1ccc(-c2cncc3ccccc23)cc1CC(=O)N1CCC[C@H](C(N)=O)C1,False,True,False
A71EV2A-x6714a,NC(=O)[C@H]1CCC(=O)N(c2cc3cnccc3c(F)c2F)C1,False,True,False
A71EV2A-x6726a,CSc1ccccc1[C@H](NC(=O)CC1CC1)C(=O)N1CC[C@H](C(N)=O)C1,False,True,False
A71EV2A-x6730a,Cc1sc([C@H](C)N2C[C@@H](C(N)=O)CCC2=O)nc1-c1ccco1,False,True,False
A71EV2A-x6736a,COc1ncccc1-c1ccc(SC)c(CC(=O)N2CCC[C@H](C(N)=O)C2)c1,False,True,False
A71EV2A-x6738a,CCC1(CC)CCN(c2ncnc(SC)c2CC(=O)N2CCC[C@H](C(N)=O)C2)C1,False,True,False
A71EV2A-x6739a,CSc1ccc(C(=O)N2Cc3nccc(C)c3C2)cc1CC(=O)N1CCC[C@H](C(N)=O)C1,False,True,False
A71EV2A-x6746a,CSc1ccc(-c2ccncc2)cc1NC(=O)N1C[C@@H](C(N)=O)C[C@@H]2C[C@@H]21,False,True,False
A71EV2A-x6769a,CSc1ccc(-c2cc(C#N)ncc2F)cc1CC(=O)N1CCC[C@H](C(N)=O)C1,False,True,False
A71EV2A-x6776a,CSc1ccccc1[C@@H](NC(=O)C[NH+](C)C)C(=O)N1CC[C@H](C(N)=O)C1,False,True,False
A71EV2A-x6778a,CSc1ccc(-c2cccnc2C(C)C)cc1CC(=O)N1CCC[C@H](C(N)=O)C1,False,True,False
A71EV2A-x6791a,CSc1ccc(-c2ccnc(N(C)C)c2)cc1CC(=O)N1CCC[C@H](C(N)=O)C1,False,True,False
A71EV2A-x6794a,CSc1cccc(-c2sccc2C2CC2)c1CC(=O)N1CCC[C@H](C(N)=O)C1,False,True,False
A71EV2A-x6797a,CCn1cc(C(=O)N[C@H](C(=O)N2CC[C@H](C(N)=O)C2)c2ccccc2SC)cn1,False,True,False
A71EV2A-x6802a,CSc1ncnc(N2CCN(c3ccccn3)CC2)c1CC(=O)N1CCC[C@H](C(N)=O)C1,False,True,False
A71EV2A-x6808a,CSc1ncnc(N2Cc3ccccc3C2)c1CC(=O)N1CCC[C@H](C(N)=O)C1,False,True,False
A71EV2A-x6816a,CSc1ccccc1[C@@H](NC(=O)Cn1cccn1)C(=O)N1CC[C@H](C(N)=O)C1,False,True,False
A71EV2A-x6816b,CSc1ccccc1[C@@H](NC(=O)Cn1cccn1)C(=O)N1CC[C@H](C(N)=O)C1,False,True,False
A71EV2A-x6818a,CSc1ccccc1[C@@H](NC(=O)CC(F)(F)F)C(=O)N1CC[C@H](C(N)=O)C1,False,True,False
A71EV2A-x6819a,CSc1ccccc1[C@@H](NC(=O)Cc1ccccc1)C(=O)N1CC[C@H](C(N)=O)C1,False,True,False
A71EV2A-x6821a,CSc1ccccc1[C@@H](NC(=O)CNC(C)=O)C(=O)N1CC[C@H](C(N)=O)C1,False,True,False
A71EV2A-x6827a,CSc1ccc(C2=CC[NH2+]CC2)cc1CC(=O)N1CCC[C@H](C(N)=O)C1,False,True,False
A71EV2A-x6832a,CSc1ncnc(N2CCC[C@@H]2C(N)=O)c1CC(=O)N1CCC[C@H](C(N)=O)C1,False,True,False
A71EV2A-x6838a,CSc1ncnc(N2CCCC2)c1CC(=O)N1C[C@@H](C([NH3+])=O)C[C@@H]2C[C@@H]21,False,True,False
A71EV2A-x6841a,CCOC(=O)N[C@@H](C(=O)N1CC[C@H](C(N)=O)C1)c1ccccc1SC,False,True,False
A71EV2A-x6844a,CCOC(=O)N[C@H](C(=O)N1CC[C@H](C(N)=O)C1)c1ccccc1SC,False,True,False
A71EV2A-x6847a,CSc1ccccc1[C@@H](NC(=O)OC(C)(C)C)C(=O)N1CC[C@H](C(N)=O)C1,False,True,False
A71EV2A-x6851a,CSc1ccccc1[C@H](NC(=O)OC(C)(C)C)C(=O)N1CC[C@H](C(N)=O)C1,False,True,False
A71EV2A-x6853a,CCC(=O)N[C@@H](C(=O)N1CC[C@H](C(N)=O)C1)c1ccccc1SC,False,True,False
A71EV2A-x6856a,CSc1ccccc1[C@@H](NC(=O)Cc1cccnc1)C(=O)N1CC[C@H](C(N)=O)C1,False,True,False
A71EV2A-x6877a,CSc1ccc2ncccc2c1NC(=O)N1C[C@@H](C(N)=O)C[C@@H]2C[C@@H]21,False,True,False
A71EV2A-x6895a,CSc1ncnc(N2CC(CC3CCC3)C2)c1CC(=O)N1CCC[C@H](C(N)=O)C1,False,True,False
A71EV2A-x6914a,CSc1ncnc(N(C)Cc2nn(C)cc2Cl)c1CC(=O)N1CCC[C@H](C(N)=O)C1,False,True,False
A71EV2A-x6920a,CSc1ncnc(N2CC(C)C2)c1CC(=O)N1CCC[C@H](C(N)=O)C1,False,True,False
A71EV2A-x6925a,CSc1ccc(-c2cnnn2C)cc1CC(=O)N1CCC[C@H](C(N)=O)C1,False,True,False
A71EV2A-x6932a,CSc1ccc(Br)cc1OC(=O)N1C[C@H](C(N)=O)C[C@H]2C[C@H]21,False,True,False
A71EV2A-x6934a,CSc1ccccc1[C@@H](NC(=O)C1CC1)C(=O)N1CC[C@H](C(N)=O)C1,False,True,False
A71EV2A-x6938a,CSc1cccc(C2=CCCCC2)c1CC(=O)N1CCC[C@H](C(N)=O)C1,False,True,False
A71EV2A-x6944a,CSc1ccccc1[C@@H](NC(=O)C1COC1)C(=O)N1CC[C@H](C(N)=O)C1,False,True,False
A71EV2A-x6945a,CCn1nccc1C(=O)N[C@@H](C(=O)N1CC[C@H](C(N)=O)C1)c1ccccc1SC,False,True,False
A71EV2A-x6948a,CSc1ccc(-c2cncc(S(C)(=O)=O)c2)cc1CC(=O)N1CCC[C@H](C(N)=O)C1,False,True,False
A71EV2A-x6948b,CSc1ccc(-c2cncc(S(C)(=O)=O)c2)cc1CC(=O)N1CCC[C@H](C(N)=O)C1,False,True,False
A71EV2A-x6955a,CSc1cccc(-c2cc(C(F)(F)F)nn2C)c1CC(=O)N1CCC[C@H](C(N)=O)C1,False,True,False
A71EV2A-x6955b,CSc1cccc(-c2cc(C(F)(F)F)nn2C)c1CC(=O)N1CCC[C@H](C(N)=O)C1,False,True,False
A71EV2A-x6973a,COC(C)(C)C(=O)N[C@@H](C(=O)N1CC[C@H](C(N)=O)C1)c1ccccc1SC,False,True,False
A71EV2A-x6980a,CSc1ccc2ncccc2c1NC(=O)N1C[C@@H](C(N)=O)C[C@H]2C[C@H]21,False,True,False
A71EV2A-x6991a,CSc1ccccc1[C@@H](NC(=O)C1(C)CCC1)C(=O)N1CC[C@H](C(N)=O)C1,False,True,False
A71EV2A-x7021a,CSc1ccc(C2=CCOCC2)cc1OC(=O)N1C[C@@H](C(N)=O)C[C@@H]2C[C@@H]21,False,True,False
A71EV2A-x7002a,CSc1ccc(-c2cnco2)cc1OC(=O)N1C[C@H](C(N)=O)C[C@H]2C[C@H]21,False,True,False
A71EV2A-x7008a,CSc1ncnc(N2CCC(N(C)S(C)(=O)=O)CC2)c1CC(=O)N1CCC[C@H](C(N)=O)C1,False,True,False
A71EV2A-x7011a,CC[C@H]1CCCN1c1ncnc(SC)c1CC(=O)N1CCC[C@H](C(N)=O)C1,False,True,False
A71EV2A-x7015a,CSc1ncnc(N2CCc3ccccc3CC2)c1CC(=O)N1CCC[C@H](C(N)=O)C1,False,True,False
A71EV2A-x7018a,COC(=O)N1CCCN(c2ncnc(SC)c2CC(=O)N2CCC[C@H](C(N)=O)C2)CC1,False,True,False
A71EV2A-x7024a,CSc1ncnc(N2CCC3(CCCC3)C2)c1CC(=O)N1CCC[C@H](C(N)=O)C1,False,True,False
A71EV2A-x7025a,CSc1ncnc(N2CC[C@@H](OC(F)F)C2)c1CC(=O)N1CCC[C@H](C(N)=O)C1,False,True,False
A71EV2A-x7026a,CSc1ncnc(N2CC[C@H](C)C2)c1CC(=O)N1CCC[C@H](C(N)=O)C1,False,True,False
A71EV2A-x7026b,CSc1ncnc(N2CC[C@H](C)C2)c1CC(=O)N1CCC[C@H](C(N)=O)C1,False,True,False
A71EV2A-x7031a,CSc1ncnc(N2CC[C@H](OC(F)F)C2)c1CC(=O)N1CCC[C@H](C(N)=O)C1,False,True,False
A71EV2A-x7032a,CSc1ccc(-c2cccnc2)cc1OC(=O)N1C[C@@H](C(N)=O)C[C@H]2C[C@H]21,False,True,False
A71EV2A-x7035a,CSc1ccccc1[C@@H](NC(=O)C(C)C)C(=O)N1CC[C@H](C(N)=O)C1,False,True,False
A71EV2A-x7038a,CSc1ccccc1[C@H](C(=O)N1CC[C@H](C(N)=O)C1)N1CCCC1=O,False,True,False
A71EV2A-x7043a,CSc1ncnc(N2CCn3nc4c(c3C2)CCC4)c1CC(=O)N1CCC[C@H](C(N)=O)C1,False,True,False
A71EV2A-x7043b,CSc1ncnc(N2CCn3nc4c(c3C2)CCC4)c1CC(=O)N1CCC[C@H](C(N)=O)C1,False,True,False
A71EV2A-x7044a,CSc1ccc(-c2ccnn2C2CCC2)cc1OC(=O)N1C[C@H](C(N)=O)C[C@H]2C[C@H]21,False,True,False
A71EV2A-x7046a,CSc1ccc(C2=CC[N@@H+](C)CC2)cc1OC(=O)N1C[C@@H](C(N)=O)C[C@H]2C[C@H]21,False,True,False
A71EV2A-x7050a,CSc1ncnc(N2CCc3ccsc3C2)c1CC(=O)N1C[C@@H](C(N)=O)C[C@@H]2C[C@@H]21,False,True,False
A71EV2A-x7056a,CSc1ncnc(N2CCC3(CCC3)C2)c1CC(=O)N1CCC[C@H](C(N)=O)C1,False,True,False
A71EV2A-x7070a,CSc1ccc(-c2cccnc2)cc1OC(=O)N1C[C@@H](C(N)=O)C[C@@H]2C[C@@H]21,False,True,False
A71EV2A-x7071a,CSc1ccccc1[C@@H](NS(C)(=O)=O)C(=O)N1CC[C@H](C(N)=O)C1,False,True,False
A71EV2A-x7093a,CSc1ncnc(N2CC[C@@H](SC)C2)c1CC(=O)N1CCC[C@H](C(N)=O)C1,False,True,False
A71EV2A-x7095a,CSc1ncnc(N2CC(Oc3ccccc3Cl)C2)c1CC(=O)N1CCC[C@H](C(N)=O)C1,False,True,False
A71EV2A-x7096a,CSc1ncnc(N2CCC(C(=O)N(C(C)C)C(C)C)CC2)c1CC(=O)N1CCC[C@H](C(N)=O)C1,False,True,False
A71EV2A-x7101a,CSc1ncnc(N2CCC3(CCCCC3)C2)c1CC(=O)N1CCC[C@H](C(N)=O)C1,False,True,False
A71EV2A-x7127a,CSc1ncnc(N2CCC[C@@H]2Cn2cccn2)c1CC(=O)N1CCC[C@H](C(N)=O)C1,False,True,False
A71EV2A-x7130a,CSc1ncnc(N2CCn3ncc(C#N)c3C2)c1CC(=O)N1CCC[C@H](C(N)=O)C1,False,True,False
A71EV2A-x7132a,CSc1ncnc(N2CCC[C@@H]2Cc2ccnn2C)c1CC(=O)N1CCC[C@H](C(N)=O)C1,False,True,False
A71EV2A-x7135a,CSc1ncnc(N2CCC[C@@H]2C(C)C)c1CC(=O)N1CCC[C@H](C(N)=O)C1,False,True,False
A71EV2A-x7147a,CSc1ncnc(N2CCC[C@@H]2CC(C)C)c1CC(=O)N1CCC[C@H](C(N)=O)C1,False,True,False
A71EV2A-x7151a,CSc1ncnc(N2CCc3cnc(C(C)C)nc3C2)c1CC(=O)N1CCC[C@H](C(N)=O)C1,False,True,False
A71EV2A-x7154a,CSc1ncnc(N2CCC(N3CCOC3=O)CC2)c1CC(=O)N1CCC[C@H](C(N)=O)C1,False,True,False
A71EV2A-x7161a,COC[C@@H]1CCCN1c1ncnc(SC)c1CC(=O)N1CCC[C@H](C(N)=O)C1,False,True,False
A71EV2A-x7167a,CSc1ccc(-c2ccnn2C(C)(C)C)cc1OC(=O)N1CCC[C@H](C(N)=O)C1,False,True,False
A71EV2A-x7167b,CSc1ccc(-c2ccnn2C(C)(C)C)cc1OC(=O)N1CCC[C@H](C(N)=O)C1,False,True,False
A71EV2A-x7169a,CCC1(CC)CN(c2ncnc(SC)c2CC(=O)N2CCC[C@H](C(N)=O)C2)CCS1(=O)=O,False,True,False
A71EV2A-x7170a,CSc1ncnc(N2CCC(C#N)(CC(C)C)CC2)c1CC(=O)N1CCC[C@H](C(N)=O)C1,False,True,False
A71EV2A-x7172a,CSc1ncnc(N(C)C2CCC2)c1CC(=O)N1CCC[C@H](C(N)=O)C1,False,True,False
A71EV2A-x7175a,COC[C@H]1CCCN1c1ncnc(SC)c1CC(=O)N1CCC[C@H](C(N)=O)C1,False,True,False
A71EV2A-x7176a,CSc1ncnc(N(C)Cc2cc(F)c(F)c(F)c2)c1CC(=O)N1CCC[C@H](C(N)=O)C1,False,True,False
A71EV2A-x7184a,CSc1ccc(-c2ccncc2)cc1OC(=O)N1C[C@H](C(N)=O)C[C@H]2C[C@H]21,False,True,False
A71EV2A-x7190a,CSc1ncnc(N2CC[C@H](C(=O)N3CCC(C)CC3)C2)c1CC(=O)N1CCC[C@H](C(N)=O)C1,False,True,False
A71EV2A-x7238a,CO[C@@H]1CCCN(c2ncnc(SC)c2CC(=O)N2CCC[C@H](C(N)=O)C2)C1,False,True,False
A71EV2A-x7246a,CSc1ncnc(N2CCC[C@H](C(F)(F)F)C2)c1CC(=O)N1CCC[C@H](C(N)=O)C1,False,True,False
A71EV2A-x7247a,CSc1ncnc(N2CCC[C@H]2Cc2ccnn2C)c1CC(=O)N1CCC[C@H](C(N)=O)C1,False,True,False
A71EV2A-x7250a,CSc1ncnc(N2CCC[C@H](C)C2)c1CC(=O)N1CCC[C@H](C(N)=O)C1,False,True,False
A71EV2A-x7251a,CSc1ncnc(N(C)CC(C)(C)O)c1CC(=O)N1CCC[C@H](C(N)=O)C1,False,True,False
A71EV2A-x7254a,CSc1ncnc(N(C)CC2CCCC2)c1CC(=O)N1CCC[C@H](C(N)=O)C1,False,True,False
A71EV2A-x7256a,CSc1ccc(-c2ccncc2)cc1CC(=O)N1C[C@@H](C(N)=O)C[C@@H]2C[C@@H]21,False,True,False
A71EV2A-x7257a,CSc1ncnc(N2CCC[C@H]2CC(C)C)c1CC(=O)N1CCC[C@H](C(N)=O)C1,False,True,False
A71EV2A-x7259a,CSc1ncnc(N2CCC[C@@H]2C2CC2)c1CC(=O)N1CCC[C@H](C(N)=O)C1,False,True,False
A71EV2A-x7260a,CSc1ccc(-c2cc(C)nn2C)cc1OC(=O)N1CCC[C@H](C(N)=O)C1,False,True,False
A71EV2A-x7261a,CSc1ccc(-c2ccc(N3CCN(C)CC3)nc2)cc1OC(=O)N1CCC[C@H](C(N)=O)C1,False,True,False
A71EV2A-x7263a,CSc1ncnc(N2CC(C)(c3ccccc3F)C2)c1CC(=O)N1CCC[C@H](C(N)=O)C1,False,True,False
A71EV2A-x7284a,CSc1ncnc(N2CCC3(CCCO3)CC2)c1CC(=O)N1CCC[C@H](C(N)=O)C1,False,True,False
A71EV2A-x7287a,CSc1ccc(-c2ocnc2C)cc1OC(=O)N1C[C@@H](C(N)=O)C[C@@H]2C[C@@H]21,False,True,False
A71EV2A-x7297a,CNC(=O)[C@@H]1CCN1c1ncnc(SC)c1CC(=O)N1CCC[C@H](C(N)=O)C1,False,True,False
A71EV2A-x7301a,CSc1ccc(-c2cccnc2N)cc1OC(=O)N1CCC[C@H](C(N)=O)C1,False,True,False
A71EV2A-x7301b,CSc1ccc(-c2cccnc2N)cc1OC(=O)N1CCC[C@H](C(N)=O)C1,False,True,False
A71EV2A-x7307a,CSc1ccc(C(=O)N(C)C2CCC(C)(C)CC2)cc1CC(=O)N1CCC[C@H](C(N)=O)C1,False,True,False
A71EV2A-x7309a,CSc1ncnc(N2CCC[C@@H]2C(=O)N(C)C)c1CC(=O)N1CCC[C@H](C(N)=O)C1,False,True,False
A71EV2A-x7316a,CSc1ncnc(N2CC[C@H](OC3CC3)C2)c1CC(=O)N1CCC[C@H](C(N)=O)C1,False,True,False
A71EV2A-x7317a,CSc1ncnc(N2C[C@H]3C[C@H]3C2)c1CC(=O)N1CCC[C@H](C(N)=O)C1,False,True,False
A71EV2A-x7317b,CSc1ncnc(N2C[C@H]3C[C@H]3C2)c1CC(=O)N1CCC[C@H](C(N)=O)C1,False,True,False
A71EV2A-x7318a,CSc1ccc(C(=O)N2CC=CCC23CCC3)cc1CC(=O)N1CCC[C@H](C(N)=O)C1,False,True,False
A71EV2A-x7321a,CC[C@H]1CS[C@H](C(N)=O)CN1C(=O)Oc1cc(Br)ccc1SC,False,True,False
A71EV2A-x7323a,CSc1ccc(-c2cn[nH]c2)cc1OC(=O)N1C[C@@H](C(N)=O)C[C@@H]2C[C@@H]21,False,True,False
A71EV2A-x7333a,CSc1ncnc(N(C)CC(C)(F)F)c1CC(=O)N1CCC[C@H](C(N)=O)C1,False,True,False
A71EV2A-x7334a,CSc1ncnc(N2CC(O)C2)c1CC(=O)N1CCC[C@H](C(N)=O)C1,False,True,False
A71EV2A-x7334b,CSc1ncnc(N2CC(O)C2)c1CC(=O)N1CCC[C@H](C(N)=O)C1,False,True,False
A71EV2A-x7338a,CSc1ncnc(N(C)CCC(F)(F)F)c1CC(=O)N1CCC[C@H](C(N)=O)C1,False,True,False
A71EV2A-x7339a,CSc1ncnc(N2CC[C@H]2C)c1CC(=O)N1CCC[C@H](C(N)=O)C1,False,True,False
A71EV2A-x7350a,CSc1ccc(-c2ccccn2)cc1OC(=O)N1C[C@H](C(N)=O)C[C@H]2C[C@H]21,False,True,False
A71EV2A-x7350b,CSc1ccc(-c2ccccn2)cc1OC(=O)N1C[C@H](C(N)=O)C[C@H]2C[C@H]21,False,True,False
A71EV2A-x7353a,COC[C@@H]1CCN1c1ncnc(SC)c1CC(=O)N1CCC[C@H](C(N)=O)C1,False,True,False
A71EV2A-x7353b,COC[C@@H]1CCN1c1ncnc(SC)c1CC(=O)N1CCC[C@H](C(N)=O)C1,False,True,False
A71EV2A-x7359a,CSc1ccc(Br)cc1CC(=O)N1C[C@@H](C(N)=O)[C@@H]2C[C@@H]21,False,True,False
A71EV2A-x7368a,CSc1ccc(C2=CC[N@@H+](C)CC2)cc1OC(=O)N1C[C@@H](C(N)=O)C[C@@H]2C[C@@H]21,False,True,False
A71EV2A-x7369a,CSc1ccc(C2=CC[N@@H+](C)CC2)cc1CC(=O)N1C[C@@H](C(N)=O)C[C@@H]2C[C@@H]21,False,True,False
A71EV2A-x7369b,CSc1ccc(C2=CC[N@@H+](C)CC2)cc1CC(=O)N1C[C@@H](C(N)=O)C[C@@H]2C[C@@H]21,False,True,False
A71EV2A-x7372a,CSc1ncnc(N2C[C@H]3C[C@H]3C2)c1CC(=O)N1CCC[C@H](C(N)=O)C1,False,True,False
A71EV2A-x7379a,CSc1ccc(-c2cn[nH]c2)cc1OC(=O)N1C[C@@H](C(N)=O)C[C@H]2C[C@H]21,False,True,False
A71EV2A-x7389a,CSc1ncnc(N2CC(O)C2)c1CC(=O)N1CCC[C@H](C(N)=O)C1,False,True,False
A71EV2A-x7410a,CSc1ccc(-c2cnn[nH]2)cc1OC(=O)N1C[C@@H](C(N)=O)C[C@@H]2C[C@@H]21,False,True,False
A71EV2A-x7420a,CSc1ncnc(N2CCCC[C@@H]2C(C)C)c1CC(=O)N1CCC[C@H](C(N)=O)C1,False,True,False
A71EV2A-x7424a,CSc1ncnc(N(C)C2CCOCC2)c1CC(=O)N1CCC[C@H](C(N)=O)C1,False,True,False
A71EV2A-x7427a,CSc1ncnc(N2CC[C@H](C(=O)N(C)C)C2)c1CC(=O)N1CCC[C@H](C(N)=O)C1,False,True,False
A71EV2A-x7430a,CSc1ncnc(N2CCCC[C@H]2CO)c1CC(=O)N1CCC[C@H](C(N)=O)C1,False,True,False
A71EV2A-x7432a,CCN(c1ncnc(SC)c1CC(=O)N1CCC[C@H](C(N)=O)C1)C(C)C,False,True,False
A71EV2A-x7433a,CSc1ncnc(N2CCC[C@H]2Cc2ccccc2)c1CC(=O)N1CCC[C@H](C(N)=O)C1,False,True,False
A71EV2A-x7436a,CSc1ncnc(N(C)[C@@H](C)c2ccccc2)c1CC(=O)N1CCC[C@H](C(N)=O)C1,False,True,False
A71EV2A-x7436b,CSc1ncnc(N(C)[C@@H](C)c2ccccc2)c1CC(=O)N1CCC[C@H](C(N)=O)C1,False,True,False
A71EV2A-x7442a,CSc1ccc(-c2ccccn2)cc1OC(=O)N1CCC[C@H](C(N)=O)C1,False,True,False
A71EV2A-x7445a,CSc1ccc(-c2ccncc2)cc1CC(=O)N1C[C@H](C(N)=O)C[C@H]2C[C@H]21,False,True,False
A71EV2A-x7446a,CCS(=O)(=O)N1CCN(c2ncnc(SC)c2CC(=O)N2CCC[C@H](C(N)=O)C2)[C@H](C)C1,False,True,False
A71EV2A-x7448a,CSc1cccc2c1[C@@H](C(=O)N1C[C@@H](C(N)=O)C[C@@H]3C[C@@H]31)CC2,False,True,False
A71EV2A-x7459a,CSc1ccc2ncccc2c1OC(=O)N1C[C@H](C(N)=O)C[C@@H]2C[C@@H]21,False,True,False
A71EV2A-x7461a,CSc1ccc2ncccc2c1OC(=O)N1C[C@@H](C(N)=O)C[C@H]2C[C@H]21,False,True,False
A71EV2A-x7465a,CSc1ccc2ncccc2c1OC(=O)N1C[C@H](C(N)=O)C[C@H]2C[C@H]21,False,True,False
A71EV2A-x7465b,CSc1ccc2ncccc2c1OC(=O)N1C[C@H](C(N)=O)C[C@H]2C[C@H]21,False,True,False
A71EV2A-x7475a,CSc1ncnc(N2CCC[C@H]2C2CC2)c1CC(=O)N1CCC[C@H](C(N)=O)C1,False,True,False
A71EV2A-x7475b,CSc1ncnc(N2CCC[C@H]2C2CC2)c1CC(=O)N1CCC[C@H](C(N)=O)C1,False,True,False
A71EV2A-x7491a,CSc1ncnc(N2CCC[C@H]2C(C)C)c1CC(=O)N1CCC[C@H](C(N)=O)C1,False,True,False
A71EV2A-x7491b,CSc1ncnc(N2CCC[C@H]2C(C)C)c1CC(=O)N1CCC[C@H](C(N)=O)C1,False,True,False
A71EV2A-x7501a,CSc1ncnc(N2CCC[C@H]2C)c1CC(=O)N1CCC[C@H](C(N)=O)C1,False,True,False
A71EV2A-x7501b,CSc1ncnc(N2CCC[C@H]2C)c1CC(=O)N1CCC[C@H](C(N)=O)C1,False,True,False
A71EV2A-x7510a,CC[C@@H]1CCCN1c1ncnc(SC)c1CC(=O)N1CCC[C@H](C(N)=O)C1,False,True,False
A71EV2A-x7510b,CC[C@@H]1CCCN1c1ncnc(SC)c1CC(=O)N1CCC[C@H](C(N)=O)C1,False,True,False
A71EV2A-x7515a,CSc1ccc2ncccc2c1OC(=O)N1C[C@@H](C(N)=O)C[C@@H]2C[C@@H]21,False,True,False
A71EV2A-x7533a,CSc1ncnc(N2CCC[C@@H]2C)c1CC(=O)N1CCC[C@H](C(N)=O)C1,False,True,False
A71EV2A-x7533b,CSc1ncnc(N2CCC[C@@H]2C)c1CC(=O)N1CCC[C@H](C(N)=O)C1,False,True,False
A71EV2A-x7545a,CSc1ncnc(N(C)C)c1CC(=O)N1CCC[C@H](C(N)=O)C1,False,True,False
A71EV2A-x7545b,CSc1ncnc(N(C)C)c1CC(=O)N1CCC[C@H](C(N)=O)C1,False,True,False
A71EV2A-x7558a,CSc1ccc(Br)cc1OC(=O)N1C[C@@H](C(N)=O)CC[C@H]1CO,False,True,False
A71EV2A-x7560a,CSc1ncnc(N2CCCCCC2)c1CC(=O)N1CCC[C@H](C(N)=O)C1,False,True,False
A71EV2A-x7560b,CSc1ncnc(N2CCCCCC2)c1CC(=O)N1CCC[C@H](C(N)=O)C1,False,True,False
A71EV2A-x7570a,CSc1ncnc(N2CCC[C@@H]2c2ccccc2)c1CC(=O)N1CCC[C@H](C(N)=O)C1,False,True,False
A71EV2A-x7576a,CSc1ccc(-c2cc[nH]n2)cc1CC(=O)N1C[C@@H](C(N)=O)C[C@@H]2C[C@@H]21,False,True,False
A71EV2A-x7576b,CSc1ccc(-c2cc[nH]n2)cc1CC(=O)N1C[C@@H](C(N)=O)C[C@@H]2C[C@@H]21,False,True,False
A71EV2A-x7580a,CSc1ncnc(N(C)C)c1CC(=O)N1C[C@@H](C(N)=O)C[C@H]2C[C@H]21,False,True,False
A71EV2A-x7580b,CSc1ncnc(N(C)C)c1CC(=O)N1C[C@@H](C(N)=O)C[C@H]2C[C@H]21,False,True,False
A71EV2A-x7589a,COC(=O)N[C@H]1CCN(c2ncnc(SC)c2CC(=O)N2CCC[C@H](C(N)=O)C2)C1,False,True,False
A71EV2A-x7597a,CSc1ccc(-c2cc[nH]n2)cc1OC(=O)N1CCC[C@H](C(N)=O)C1,False,True,False
A71EV2A-x7608a,CSc1ncnc(N(C)CC(F)(F)F)c1CC(=O)N1C[C@@H](C(N)=O)C[C@@H]2C[C@@H]21,False,True,False
A71EV2A-x7613a,CC[C@@H]1CS[C@H](C(N)=O)CN1C(=O)Oc1cc(Br)ccc1SC,False,True,False
A71EV2A-x7622a,CSc1ncnc(N2CCCC2)c1NC(=O)N1C[C@@H](C(N)=O)C[C@@H]2C[C@@H]21,False,True,False
A71EV2A-x7631a,CSc1ccccc1CC(=O)N1C[C@@H](C(N)=O)C[C@@H]2C[C@@H]21,False,True,False
